<?xml version="1.0" encoding="UTF-8" standalone="yes"?>
<addon id="repository.xxxadultxbmc" name="AdultXBMC Add-on Repository" version="2.0.0" provider-name="tvaddons">
	<extension point="xbmc.addon.repository" name="AdultXBMC Add-on Repository">
		<info compressed="false">https://github.com/tvaddonsco/tva-adult-repo/raw/master/addons.xml</info>
		<checksum>https://github.com/tvaddonsco/tva-adult-repo/raw/master/addons.xml.md5</checksum>
		<datadir zip="true">https://github.com/tvaddonsco/tva-adult-repo/raw/master/</datadir>
	</extension>
	<extension point="xbmc.addon.metadata">
		<summary>Adult Content for Kodi from High Quality Sources Only</summary>
		<description>Collection of Adult Addons for Kodi by Various Developers</description>
		<platform>all</platform>
                <forum>http://www.tvaddons.co</forum>
                <website>http://www.tvaddons.co</website>
	</extension>
</addon>

