<?xml version="1.0" encoding="UTF-8" standalone="yes"?>
<addon id="plugin.program.SimpleBuildWizard" name="Simple Builds" version="0.0.2" provider-name="Rohas">
  <requires>
    <import addon="xbmc.python" version="2.1.0"/>
  </requires>
  <extension point="xbmc.python.pluginsource" library="default.py">
    <provides>executable</provides>
  </extension>
  <extension point="xbmc.service" library="startup.py" start="startup" />
  <extension point="xbmc.addon.metadata">
    <summary lang="en">Simple Builds</summary>
    <description lang="en">Home of the Simple Builds</description>
    <platform>all</platform>
  </extension>
</addon>