<?xml version="1.0" encoding="UTF-8" standalone="yes"?>
<addon id="repository.Strange" name="[COLOR lime]Strange[/COLOR][COLOR red]Repository[/COLOR]" version="1.1.1" provider-name="[COLOR gold]demex2008[/COLOR]">
	<extension point="xbmc.addon.repository" name="Strange Repository">
		<info compressed="false">https://raw.githubusercontent.com/demex2008/Strange-Repository/main/addons.xml</info>
		<checksum>https://raw.githubusercontent.com/demex2008/Strange-Repository/main/addons.xml.md5</checksum>
		<datadir zip="true">https://github.com/demex2008/Strange-Repository/tree/main/zips</datadir>
	</extension>
    <extension point="xbmc.addon.metadata">
	<summary></summary>[COLOR lime]Strange[/COLOR][COLOR red]Repository[/COLOR]
	<description></description>[COLOR lime]Strange[/COLOR][COLOR red]Repository[/COLOR]
	<disclaimer></disclaimer>
	<language></language>
	<platform>all</platform>
	<license></license>
	<forum></forum>
	<website></website>
	<email></email>
	<source></source>
	<news></news>
    <assets>
		<icon>resources/icon.png</icon>
		<fanart>resources/fanart.jpg</fanart>
		<banner></banner>
		<clearlogo></clearlogo>
		<screenshot></screenshot>
	</assets>
	</extension>
</addon>