[{"0":{"name":"[COLOR red]\u2022  [\/COLOR][COLOR white]AdrianoCelentano[\/COLOR]","image":"https:\/\/wagasworld.com\/sites\/default\/files\/styles\/large\/public\/2021-01\/AdrianoCelentano.jpg?itok=i05EnNfK","link":"https:\/\/wagasworld.com\/kodi.php?channel=Adriano.Celentano","info":""},"1":{"name":"[COLOR red]\u2022  [\/COLOR][COLOR white]American Fighter[\/COLOR]","image":"https:\/\/wagasworld.com\/sites\/default\/files\/styles\/large\/public\/2021-01\/american%20figther.png?itok=Y8KHI6Ba","link":"https:\/\/wagasworld.com\/kodi.php?channel=americanfighter","info":"1 bis 5\r\n"},"2":{"name":"[COLOR red]\u2022  [\/COLOR][COLOR white]AmericanPie[\/COLOR]","image":"https:\/\/wagasworld.com\/sites\/default\/files\/styles\/large\/public\/2021-01\/AmericanPie.jpg?itok=BiGDoR_4","link":"https:\/\/wagasworld.com\/kodi.php?channel=American.Pie","info":""},"3":{"name":"[COLOR red]\u2022  [\/COLOR][COLOR white]Beverly Hills Cop[\/COLOR]","image":"https:\/\/wagasworld.com\/sites\/default\/files\/styles\/large\/public\/2021-01\/Beverly%20Hills%20Cop.jpg?itok=VtQo1Y2h","link":"https:\/\/wagasworld.com\/kodi.php?channel=beverlyhillscop","info":""},"4":{"name":"[COLOR red]\u2022  [\/COLOR][COLOR white]BollyWood[\/COLOR]","image":"https:\/\/wagasworld.com\/sites\/default\/files\/styles\/large\/public\/2021-01\/BollyWood.jpg?itok=mW6NVTfz","link":"https:\/\/wagasworld.com\/kodi.php?channel=bollywood","info":""},"5":{"name":"[COLOR red]\u2022  [\/COLOR][COLOR white]BruceLee[\/COLOR]","image":"https:\/\/wagasworld.com\/sites\/default\/files\/styles\/large\/public\/2021-01\/BruceLee.jpg?itok=JcQuFiDM","link":"https:\/\/wagasworld.com\/kodi.php?channel=brucelee","info":""},"6":{"name":"[COLOR red]\u2022  [\/COLOR][COLOR white]Bud Spencer[\/COLOR]","image":"https:\/\/wagasworld.com\/sites\/default\/files\/styles\/large\/public\/2021-01\/Bud%20Spencer.jpg?itok=luyR0id0","link":"https:\/\/wagasworld.com\/kodi.php?channel=guldukat-buddyterence","info":""},"7":{"name":"[COLOR red]\u2022  [\/COLOR][COLOR white]DEFA M\u00e4rchen[\/COLOR]","image":"https:\/\/wagasworld.com\/sites\/default\/files\/styles\/large\/public\/2021-01\/DEFA%20M%C3%A4rchen.jpg?itok=16stA1Y5","link":"https:\/\/wagasworld.com\/kodi.php?channel=DEFA","info":"Das Kalte Herz&nbsp;\r\nAladins Wunderlampe&nbsp;\r\nDas Bucklige Pferdchen\r\nDas M\u00e4rchen Von Der Verlorenen Zeit\r\nDas singende klingende B\u00e4umchen\r\nDas tapfere Schneiderlein\r\nDas Zauberkorn\r\nDie Abenteuer des Burattino\r\nDEFA Till Eulenspiegel\r\nDer Frosch\u00f6nig\r\nDer gestiefelte Kater\r\nDer Hirsch mit dem goldenen Geweih\r\nDer Hirsch mit dem goldenen Geweih\r\nDer kleine Maulwurf\r\nDer kleine Muck\r\nDie Bremer Stadtmusikanten\r\nDie Geschichte vom Goldenen Taler&nbsp;\r\nDie goldene Gans\r\nDie G\u00e4nseprinzessin und ihr Treues Pferd Falada\r\nDie Prinzessin mit dem Goldenen Stern\r\nDie Schneek\u00f6nigin\r\nDie Weihnachtsgans Auguste&nbsp;\r\nDornr\u00c3\u00f6schen&nbsp;\r\nDrei Haseln\u00fce f\u00fcr Aschenbr\u00f6del\r\nFrau Holle\r\nH\u00e4nsel Und Gretel\r\nK\u00f6nig Drosselbart\r\nRotk\u00e4ppchen\r\nRumpelstilzchen\r\nSchneewittchen\r\nV\u00e4terchen Frost\r\nZwerg Nase\r\n"},"8":{"name":"[COLOR red]\u2022  [\/COLOR][COLOR white]Der Hobbit[\/COLOR]","image":"https:\/\/wagasworld.com\/sites\/default\/files\/styles\/large\/public\/2021-01\/Der%20Hobbit.jpg?itok=wDhzE66r","link":"https:\/\/wagasworld.com\/kodi.php?channel=guldukat-hobbit","info":"Der Hobbit erz\u00e4hlt von der Reise Bilbo Beutlins, der an die langwierige Aufgabe ger\u00e4t, das verlorene Zwergenk\u00f6nigreich vom Einsamen Berg zur\u00fcckzugewinnen, das vom Drachen Smaug erobert wurde. Der Zauberer Gandalf vermittelt Bilbo \u00fcberraschend an eine Gruppe von dreizehn Zwergen, angef\u00fchrt vom legend\u00e4ren Krieger Thorin Eichenschild. Ihre Reise bringt sie in die Wildnis, durch unheimliche L\u00e4nder mit Orks, t\u00f6dlichen Wargen, riesigen Spinnen, Formwandlern und Zauberern. Bilbo Beutlin trifft zudem auf Gollum und gelangt in Besitz des Zauberrings, der seinem Tr\u00e4ger Unsichtbarkeit verleiht. Dieser wurde einst von Sauron geschmiedet, um die Macht in Mittelerde an sich zu rei\u00dfen. Am Ende wird Smaug von dem Bogensch\u00fctzen Bard get\u00f6tet, worauf eine gewaltige Schlacht um den Drachenschatz entbrennt. Zu Beginn der Geschichte vom \u201eHerrn der Ringe\u201c \u00fcbergibt Bilbo den Ring seinem Neffen Frodo Beutlin, noch bevor Gandalf die wahre Identit\u00e4t des Rings enth\u00fcllen kann\r\n\r\nQuelle:Wikipedia\r\n"},"9":{"name":"[COLOR red]\u2022  [\/COLOR][COLOR white]Der Weisse Hai[\/COLOR]","image":"https:\/\/wagasworld.com\/sites\/default\/files\/styles\/large\/public\/2021-01\/Der%20Weisse%20Hai.jpg?itok=9CgCwEZ6","link":"https:\/\/wagasworld.com\/kodi.php?channel=derweissehai","info":""},"10":{"name":"[COLOR red]\u2022  [\/COLOR][COLOR white]Dick & Doof[\/COLOR]","image":"https:\/\/wagasworld.com\/sites\/default\/files\/styles\/large\/public\/2021-01\/Dick%20%26%20Doof.jpg?itok=mkf8dC_g","link":"https:\/\/wagasworld.com\/kodi.php?channel=guldukat-dickdoof","info":"Laurel und Hardy waren ein britisch-amerikanisches Komiker-Duo, das aus Stan Laurel und Oliver Hardy bestand. 1921 sowie zwischen 1926 und 1951 drehten sie zusammen 107 Filme, Gastauftritte mit eingerechnet. Sie gelten als eines der ber\u00fchmtesten und erfolgreichsten Film-Duos aller Zeiten.\r\n"},"11":{"name":"[COLOR red]\u2022  [\/COLOR][COLOR white]Die Mumie[\/COLOR]","image":"https:\/\/wagasworld.com\/sites\/default\/files\/styles\/large\/public\/2021-01\/Die%20Mumie.jpg?itok=xRZS_Vn-","link":"https:\/\/wagasworld.com\/kodi.php?channel=guldukat-mumie","info":"Alle Filme aus der Reihe \"Die Mumie\"\r\n"},"12":{"name":"[COLOR red]\u2022  [\/COLOR][COLOR white]Don.Camillo[\/COLOR]","image":"https:\/\/wagasworld.com\/sites\/default\/files\/styles\/large\/public\/2021-01\/Don.Camillo.jpg?itok=KIiVE2QM","link":"https:\/\/wagasworld.com\/kodi.php?channel=Don.Camillo","info":""},"13":{"name":"[COLOR red]\u2022  [\/COLOR][COLOR white]Entspannung[\/COLOR]","image":"https:\/\/wagasworld.com\/sites\/default\/files\/styles\/large\/public\/2021-01\/Entspannung.png?itok=DpypS_Iw","link":"https:\/\/wagasworld.com\/kodi.php?channel=entspannung","info":"Entspannen bei Meeresrauschen, Aquarium, Natur.\r\nEinschlafmusik\r\n"},"14":{"name":"[COLOR red]\u2022  [\/COLOR][COLOR white]Fluch der Karibik[\/COLOR]","image":"https:\/\/wagasworld.com\/sites\/default\/files\/styles\/large\/public\/2021-01\/Fluch%20der%20Karibik.jpg?itok=5fk95Nj9","link":"https:\/\/wagasworld.com\/kodi.php?channel=guldukat-carribean","info":"Erleben sie alle Abenteuer mit Kapitan Jack Sparrow und der Black Pearl\r\n"},"15":{"name":"[COLOR red]\u2022  [\/COLOR][COLOR white]Ghostbusters[\/COLOR]","image":"https:\/\/wagasworld.com\/sites\/default\/files\/styles\/large\/public\/2021-01\/Ghostbusters.png?itok=j_cTVcEz","link":"https:\/\/wagasworld.com\/kodi.php?channel=guldukat-ghostbusters","info":"Ghostbusters 1-3\r\n"},"16":{"name":"[COLOR red]\u2022  [\/COLOR][COLOR white]Harry Potter[\/COLOR]","image":"https:\/\/wagasworld.com\/sites\/default\/files\/styles\/large\/public\/2021-01\/Harry%20Potter.jpg?itok=_G_WXBve","link":"https:\/\/wagasworld.com\/kodi.php?channel=guldukat-harrypotter","info":"Harry Potter ist eine Fantasy-Romanreihe der englischen Schriftstellerin Joanne K. Rowling. Erz\u00e4hlt wird die Geschichte der titelgebenden Figur Harry Potter, der an seinem elften Geburtstag von seiner magischen Herkunft erf\u00e4hrt und fortan Sch\u00fcler des britischen Zaubererinternats Hogwarts ist, wo er mit seinen neuen Freunden gegen den b\u00f6sen Magier Lord Voldemort und dessen Gefolgsleute, die sogenannten Todesser, k\u00e4mpfen muss. Jeder der sieben B\u00e4nde beschreibt ein Schul- und Lebensjahr von Harry Potter.\r\n\r\nDer Bloomsbury-Verlag ver\u00f6ffentlichte 1997 zun\u00e4chst 500 St\u00fcck des ersten Bandes Harry Potter und der Stein der Weisen, der schnell zum Verkaufserfolg wurde, an den auch Band zwei (1998) und Band drei (1999) ankn\u00fcpfen konnten. Mit dem Erscheinen des 4. Bandes Harry Potter und der Feuerkelch im Jahr 2000 gelang der Reihe in vielen L\u00e4ndern der Durchbruch. Die B\u00e4nde f\u00fcnf bis sieben brachen Vorbestellungsrekorde in Gro\u00dfbritannien und den USA und die Harry-Potter-Reihe wurde zum gr\u00f6\u00dften Bucherfolg der 2000er-Jahre. Laut Pottermore wurden bis 2018 rund 500 Millionen B\u00fccher der sieben B\u00e4nde sowie drei Ableger-B\u00fcchern verkauft, davon \u00fcber 33 Millionen in deutscher Sprache.\r\n\r\nIn den Jahren 2001 bis 2011 wurden die B\u00fccher in acht Teilen verfilmt; die Filmreihe gilt als eine der kommerziell erfolgreichsten der Filmgeschichte. Die B\u00fccher und die Filme l\u00f6sten in den sp\u00e4ten 1990ern und den fr\u00fchen 2000er Jahren eine weltweite Begeisterung f\u00fcr Fantasy-B\u00fccher und -Filme aus, einhergehend mit (Neu-)Verfilmungen von Der Herr der Ringe oder Die Chroniken von Narnia sowie zahlreichen weiteren Fantasy-Buchreihen wie Eragon, Bartim\u00e4us oder Percy Jackson.\r\n\r\nDie Harry-Potter-Heptalogie kann mehreren literarischen Genres zugeordnet werden. Sie hat Eigenschaften eines Kriminalromans, Entwicklungsromans und eines Bildungsromans, kann aber auch als modernes M\u00e4rchen bzw. Kunstm\u00e4rchen gesehen werden. Einhergehend mit der anhaltenden Begeisterung f\u00fcr die Harry-Potter-B\u00fccher und -Filme wurden zahlreiche Merchandising-Produkte mit gro\u00dfem Erfolg vermarktet und ein eigener Themenpark er\u00f6ffnet.\r\n\r\nQuelle:Wikipedia\r\n\r\n&nbsp;\r\n"},"17":{"name":"[COLOR red]\u2022  [\/COLOR][COLOR white]Herbi ein toller K\u00e4fer[\/COLOR]","image":"https:\/\/wagasworld.com\/sites\/default\/files\/styles\/large\/public\/2021-01\/Herbi%20ein%20toller%20K%C3%A4fer.jpg?itok=IYgQcbGP","link":"https:\/\/wagasworld.com\/kodi.php?channel=Herbie","info":""},"18":{"name":"[COLOR red]\u2022  [\/COLOR][COLOR white]Herr der Ringe[\/COLOR]","image":"https:\/\/wagasworld.com\/sites\/default\/files\/styles\/large\/public\/2021-01\/Herr%20der%20Ringe.jpg?itok=1PSLDqg5","link":"https:\/\/wagasworld.com\/kodi.php?channel=guldukat-hdr","info":"Frodo, Gandalf, Ring, Orks ;)\r\n"},"19":{"name":"[COLOR red]\u2022  [\/COLOR][COLOR white]Indiana Jones[\/COLOR]","image":"https:\/\/wagasworld.com\/sites\/default\/files\/styles\/large\/public\/2021-01\/Indiana%20Jones.jpg?itok=G2FoTujH","link":"https:\/\/wagasworld.com\/kodi.php?channel=indianajones","info":"Indiana \u201eIndy\u201c Jones (eigentlich Dr. Henry Walton Jones Jr.) ist die fiktive Hauptfigur aus der gleichnamigen Abenteuerfilmreihe. Die ersten drei Filme entstanden in den 1980er Jahren. In den 1990er Jahren produzierte George Lucas eine kanonische Fernsehserie. Erst 2008 wurde noch ein vierter Film gedreht. Alle vier Filme entstanden unter der Leitung des Produzenten George Lucas und des Regisseurs Steven Spielberg, in allen Spielfilmen spielt Harrison Ford die Hauptrolle. Wegen des gro\u00dfen Erfolgs der Filme besch\u00e4ftigen sich zahlreiche Romane, Comics, Handy- und Computerspiele mit der Figur des Indiana Jones.\r\n\r\nQuelle: Wikipedia\r\n\r\n&nbsp;\r\n\r\n1-4\r\n"},"20":{"name":"[COLOR red]\u2022  [\/COLOR][COLOR white]JackieChan[\/COLOR]","image":"https:\/\/wagasworld.com\/sites\/default\/files\/styles\/large\/public\/2021-01\/JackieChan.jpeg?itok=-Tavey4D","link":"https:\/\/wagasworld.com\/kodi.php?channel=jackie","info":""},"21":{"name":"[COLOR red]\u2022  [\/COLOR][COLOR white]JerryLewis[\/COLOR]","image":"https:\/\/wagasworld.com\/sites\/default\/files\/styles\/large\/public\/2021-01\/JerryLewis.jpg?itok=88d_8hU7","link":"https:\/\/wagasworld.com\/kodi.php?channel=Jerry.Lewis","info":"alle Filme\r\n"},"22":{"name":"[COLOR red]\u2022  [\/COLOR][COLOR white]Kevin Allein zu Haus[\/COLOR]","image":"https:\/\/wagasworld.com\/sites\/default\/files\/styles\/large\/public\/2021-01\/Kevin%20Allein%20zu%20Haus.jpg?itok=0V0ycdcn","link":"https:\/\/wagasworld.com\/kodi.php?channel=Kevin.Allein.zu.Haus","info":""},"23":{"name":"[COLOR red]\u2022  [\/COLOR][COLOR white]Louis-de-Funes[\/COLOR]","image":"https:\/\/wagasworld.com\/sites\/default\/files\/styles\/large\/public\/2021-01\/Louis-de-Funes.jpg?itok=b0SGsYci","link":"https:\/\/wagasworld.com\/kodi.php?channel=Louis.de.Funes","info":"alle Filme\r\n"},"24":{"name":"[COLOR red]\u2022  [\/COLOR][COLOR white]MadMission[\/COLOR]","image":"https:\/\/wagasworld.com\/sites\/default\/files\/styles\/large\/public\/2021-01\/MadMission.jpg?itok=3-zGAMHd","link":"https:\/\/wagasworld.com\/kodi.php?channel=MadMission","info":""},"25":{"name":"[COLOR red]\u2022  [\/COLOR][COLOR white]MissMarple[\/COLOR]","image":"https:\/\/wagasworld.com\/sites\/default\/files\/styles\/large\/public\/2021-01\/MissMarple.jpg?itok=I2a4krnS","link":"https:\/\/wagasworld.com\/kodi.php?channel=Miss.Marple","info":"\r\n\tMiss.Marple.16.Uhr.50.ab.Paddington\r\n\tMiss.Marple.Der.Wachsblumenstrauss\r\n\tMiss.Marple.Moerder.Ahoi\r\n\tMiss.Marple.Vier.Frauen.und.ein.Mord\r\n\r\n"},"26":{"name":"[COLOR red]\u2022  [\/COLOR][COLOR white]Narnia[\/COLOR]","image":"https:\/\/wagasworld.com\/sites\/default\/files\/styles\/large\/public\/2021-01\/Narnia.jpeg?itok=LsEGyocV","link":"https:\/\/wagasworld.com\/kodi.php?channel=Narnia","info":""},"27":{"name":"[COLOR red]\u2022  [\/COLOR][COLOR white]PlanetderAffen[\/COLOR]","image":"https:\/\/wagasworld.com\/sites\/default\/files\/styles\/large\/public\/2021-01\/PlanetderAffen.jpg?itok=Eve_Kf9-","link":"https:\/\/wagasworld.com\/kodi.php?channel=Planet.der.Affen","info":""},"28":{"name":"[COLOR red]\u2022  [\/COLOR][COLOR white]Police Akademy[\/COLOR]","image":"https:\/\/wagasworld.com\/sites\/default\/files\/styles\/large\/public\/2021-01\/Police%20Akademy.jpg?itok=FQjQPNYO","link":"https:\/\/wagasworld.com\/kodi.php?channel=guldukat-policeakademy","info":"Police Akademy 1-7\r\n"},"29":{"name":"[COLOR red]\u2022  [\/COLOR][COLOR white]UnglaublicheGeschichten[\/COLOR]","image":"https:\/\/wagasworld.com\/sites\/default\/files\/styles\/large\/public\/2021-01\/UnglaublicheGeschichten.jpg?itok=R0XVcgnI","link":"https:\/\/wagasworld.com\/kodi.php?channel=UGa","info":""},"30":{"name":"[COLOR red]\u2022  [\/COLOR][COLOR white]WeihnachtsFilme[\/COLOR]","image":"https:\/\/wagasworld.com\/sites\/default\/files\/styles\/large\/public\/2021-01\/WeihnachtsFilme.jpg?itok=GnwUj6ql","link":"https:\/\/wagasworld.com\/kodi.php?channel=Chrismas","info":""},"31":{"name":"[COLOR red]\u2022  [\/COLOR][COLOR white]Vintage SCIFI Filme[\/COLOR]","image":"https:\/\/wagasworld.com\/sites\/default\/files\/styles\/large\/public\/2021-01\/Vintage%20SCIFI%20Filme.gif?itok=LFwB4FPW","link":"https:\/\/wagasworld.com\/kodi.php?channel=guldukat-vintagescifi","info":"Alte SCIFI Filme bis 1990\r\n\r\nlasst euch \u00fcberraschen. Sind einige Klassiker dabei ;)\r\n\r\nunheimliche Begegnung der dritten Art\r\nAlarm im Weltall\r\nWargames\r\nLautlos im Weltraum\r\n2001 Odysee im Weltraum\r\n2010 Das Jahr in dem wir Kontakt aufnehmen\r\nWestworld\r\nFutureworld\r\nTron\r\nThe Abyss\r\nTotal Recall\r\nDark Star\r\nDas schwarze Loch\r\nDie Zeitmaschine\r\nFlucht ins 23. Jahrhundert\r\nExplorers. Ein Fantastisches Abenteuer\r\nStarfighter\r\nMetaluna 4 antwortet nicht\r\nAlien 1\r\nAlien 2\r\nPerry Rohdan SOS aus dem Weltall\r\nQuiet Earth Das letzte Experiment\r\nSolyent Green\r\nFahrenheit 451\r\nDie Eroberung des Weltalls\r\nGesandter des Grauens\r\nTodesstrahlen aus dem Weltraum\r\nZardoz\r\nMetropolis\r\nDie phantastische Reise\r\nBlade Runner\r\nRunning Man\r\nDie Reise ins Ich\r\n\r\nDune - Der W\u00fcstenplanet\r\n\r\n&nbsp;\r\n\r\n&nbsp;\r\n"},"category_name":"Movies","image":"http:\/\/absolut-kodi.com\/WagaKodi\/pic\/movies.png","info":"Filme rund um die Uhr, nicht alle sind 24\/7 online."},{"0":{"name":"[COLOR red]\u2022  [\/COLOR][COLOR white]MovieMixKids[\/COLOR]","image":"https:\/\/wagasworld.com\/sites\/default\/files\/styles\/large\/public\/2021-01\/kidsmovies%20%281%29.jpg?itok=AX7LmXWM","link":"https:\/\/wagasworld.com\/kodi.php?channel=MovieMixKids","info":""},"1":{"name":"[COLOR red]\u2022  [\/COLOR][COLOR white]L\u00f6wenzahn[\/COLOR]","image":"https:\/\/wagasworld.com\/sites\/default\/files\/styles\/large\/public\/2021-01\/l%C3%B6wenzahn.png?itok=LjXFi5hq","link":"https:\/\/wagasworld.com\/kodi.php?channel=guldukat-loewenzahn","info":""},"2":{"name":"[COLOR red]\u2022  [\/COLOR][COLOR white]Adolars[\/COLOR]","image":"https:\/\/wagasworld.com\/sites\/default\/files\/styles\/large\/public\/2021-01\/adolars.jpg?itok=jm17IlCv","link":"https:\/\/wagasworld.com\/kodi.php?channel=Adolars","info":""},"3":{"name":"[COLOR red]\u2022  [\/COLOR][COLOR white]BarbieMovies[\/COLOR]","image":"https:\/\/wagasworld.com\/sites\/default\/files\/styles\/large\/public\/2021-01\/barbie.jpg?itok=0cxIYut9","link":"https:\/\/wagasworld.com\/kodi.php?channel=Barbie","info":""},"4":{"name":"[COLOR red]\u2022  [\/COLOR][COLOR white]Bibi.Blocksberg[\/COLOR]","image":"https:\/\/wagasworld.com\/sites\/default\/files\/styles\/large\/public\/2021-01\/bibi-blocksberg.jpg?itok=vkRt_RA9","link":"https:\/\/wagasworld.com\/kodi.php?channel=Bibi.Blocksberg","info":""},"5":{"name":"[COLOR red]\u2022  [\/COLOR][COLOR white]Bibi.und.Tina[\/COLOR]","image":"https:\/\/wagasworld.com\/sites\/default\/files\/styles\/large\/public\/2021-01\/bibiundtina.jpg?itok=4P6eMLAm","link":"https:\/\/wagasworld.com\/kodi.php?channel=Bibi.und.Tina","info":""},"6":{"name":"[COLOR red]\u2022  [\/COLOR][COLOR white]Die Dinos[\/COLOR]","image":"https:\/\/wagasworld.com\/sites\/default\/files\/styles\/large\/public\/2021-01\/diedinos.jpg?itok=imwde0a6","link":"https:\/\/wagasworld.com\/kodi.php?channel=guldukat-diedinos","info":"Eine hochzivilisierte Dino-Familie in ihrem Alltag in der Steinzeit. Papa Earl ist Baumf\u00e4ller, w\u00e4hrend Mama Fran daheim auf die Kinder, Robbie, Charlene und das Baby, aufpasst. Zur Familie geh\u00f6rt auch Frans Mutter.\r\n"},"7":{"name":"[COLOR red]\u2022  [\/COLOR][COLOR white]Die Unendliche Geschichte[\/COLOR]","image":"https:\/\/wagasworld.com\/sites\/default\/files\/styles\/large\/public\/2021-01\/nevaendi.jpg?itok=0OchfGZJ","link":"https:\/\/wagasworld.com\/kodi.php?channel=dieunendlichegeschichte","info":""},"8":{"name":"[COLOR red]\u2022  [\/COLOR][COLOR white]DuckTales[\/COLOR]","image":"https:\/\/wagasworld.com\/sites\/default\/files\/styles\/large\/public\/2021-01\/DuckTales.png?itok=GG0bIzFR","link":"https:\/\/wagasworld.com\/kodi.php?channel=DuckTales","info":""},"9":{"name":"[COLOR red]\u2022  [\/COLOR][COLOR white]Es.war.einmal.der.Mensch[\/COLOR]","image":"https:\/\/wagasworld.com\/sites\/default\/files\/styles\/large\/public\/2021-01\/mensch.jpg?itok=oTnuZFba","link":"https:\/\/wagasworld.com\/kodi.php?channel=Es.war.einmal.der.Mensch","info":""},"10":{"name":"[COLOR red]\u2022  [\/COLOR][COLOR white]Ferien auf Saltkrokan[\/COLOR]","image":"https:\/\/wagasworld.com\/sites\/default\/files\/styles\/large\/public\/2021-01\/ferien%20auf%20saltkrokan.jpg?itok=sFTmSVfi","link":"https:\/\/wagasworld.com\/kodi.php?channel=saltkrokan","info":"Der alleinerziehende Vater Melcher kommt mit seinen Kindern auf die Insel Saltkrokan, um dort mit seinen Kindern die Ferien zu verbringen. Doch dort angekommen m\u00fcssen sie erst einmal das Haus herrichten, denn es regnet durchs Dach. Au\u00dferdem lernen die Kinder Tjorven kennen, die mit ihrem Hund Bootsmann auf der Insel lebt. Auch Stina kommt mit ihrem Gro\u00dfvater auf die Insel. Tjorven und Stina freunden sich insbesondere mit Melchors j\u00fcngsten Spr\u00f6\u00dfl:ing Pelle an. Gemeinsam erleben sie viele Abenteuer.\r\n\r\nQuelle: Wikipedia\r\n"},"11":{"name":"[COLOR red]\u2022  [\/COLOR][COLOR white]Gummib\u00e4renbande[\/COLOR]","image":"https:\/\/wagasworld.com\/sites\/default\/files\/styles\/large\/public\/2021-01\/gummib%C3%A4renbande.jpg?itok=7tDRSFC_","link":"https:\/\/wagasworld.com\/kodi.php?channel=guldukat-gummibaerenbande","info":"M\u00f6chtegernritter Cavin und seine Freundin, die abenteuerlustige Prinzessin Calla, werden zu engen Vertrauten der Gummib\u00e4ren und unterst\u00fctzen sie beim Kampf gegen den b\u00f6sen und j\u00e4hzornigen Baron Igzorn von Drekmore.\r\n"},"12":{"name":"[COLOR red]\u2022  [\/COLOR][COLOR white]K\u00e4ptn Balu und seine tollk\u00fchne [\/COLOR]","image":"https:\/\/wagasworld.com\/sites\/default\/files\/styles\/large\/public\/2021-01\/K%C3%A4ptnBalu.jpg?itok=BR4NwRJB","link":"https:\/\/wagasworld.com\/kodi.php?channel=kaptainbalu","info":""},"13":{"name":"[COLOR red]\u2022  [\/COLOR][COLOR white]Meine Freundin Conni[\/COLOR]","image":"https:\/\/wagasworld.com\/sites\/default\/files\/styles\/large\/public\/2021-01\/conni-drachen-100_1920x1080.jpg?itok=KUcGsArG","link":"https:\/\/wagasworld.com\/kodi.php?channel=conni","info":""},"14":{"name":"[COLOR red]\u2022  [\/COLOR][COLOR white]Michel aus L\u00f6nneberga[\/COLOR]","image":"https:\/\/wagasworld.com\/sites\/default\/files\/styles\/large\/public\/2021-01\/michel.jpg?itok=lbqvLhBW","link":"https:\/\/wagasworld.com\/kodi.php?channel=michel","info":"Michel Svensson lebt Ende des 19. Jahrhunderts beziehungsweise Anfang des 20. Jahrhunderts (siehe auch unten den Abschnitt \u201eErz\u00e4hlte Zeit\u201c) auf dem Hof Katthult im Dorf L\u00f6nneberga in Sm\u00e5land in Schweden zusammen mit Vater Anton, Mutter Alma, seiner Schwester Klein-Ida, dem Knecht Alfred und der Magd Lina. Dort und in ganz Sm\u00e5land erwirbt Michel sich den Ruf, st\u00e4ndig allerlei Unfug anzustellen.\r\n"},"15":{"name":"[COLOR red]\u2022  [\/COLOR][COLOR white]PawPatrol[\/COLOR]","image":"https:\/\/wagasworld.com\/sites\/default\/files\/styles\/large\/public\/2021-01\/paw-patrol-rcm800x448.jpg?itok=Sot_ThsK","link":"https:\/\/wagasworld.com\/kodi.php?channel=pawpatrol","info":""},"16":{"name":"[COLOR red]\u2022  [\/COLOR][COLOR white]Pippi Langstrumpf[\/COLOR]","image":"https:\/\/wagasworld.com\/sites\/default\/files\/styles\/large\/public\/2021-01\/pipi.jpg?itok=y93Vs0eZ","link":"https:\/\/wagasworld.com\/kodi.php?channel=guldukat-langstrumpf","info":"Pippi Langstrumpf (mit vollem Namen Pippilotta Viktualia Rollgardina Pfefferminz Efraimstochter Langstrumpf, schwedischer Originalname: Pippilotta Viktualia Rullgardina Krusmynta Efraimsdotter L\u00e5ngstrump ist die zentrale Figur einer dreib\u00e4ndigen schwedischen Kinderbuch-Reihe von Astrid Lindgren und verschiedener darauf basierender Bearbeitungen. In der Fernsehserie lautet ihr vollst\u00e4ndiger Name: Pippilotta Viktualia Rollgardina Schokominza Efraimstochter Langstrumpf.\r\n\r\nPippi ist ein selbstbewusstes neunj\u00e4hriges M\u00e4dchen mit Sommersprossen, dessen rote Haare zu zwei abstehenden Z\u00f6pfen geflochten sind. Sie vereinigt in sich viele Eigenschaften, die sich Kinder ersehnen. So hat sie ein eigenes Pferd, lebt allein in einem eigenen Haus, der Villa Kunterbunt, und ist sehr mutig. Auch ist Pippi das st\u00e4rkste M\u00e4dchen der Welt. So bestreitet sie mit ihrem Vater, wenn beide sich treffen, diverse Kraftproben und stemmt zum Beispiel auf einer Feier ihr Pferd hoch, auf dem ihre Freunde Tommy und Annika sitzen. Ein anderes Mal besiegt sie einen Ringer im Zirkus. Da Pippi allein ohne Eltern wohnt, kann sie alles tun und lassen, was sie m\u00f6chte.[4] Weil sie einen Koffer voller Goldst\u00fccke besitzt, ist sie auch materiell v\u00f6llig unabh\u00e4ngig.\r\n\r\nPippi erz\u00e4hlt gerne au\u00dfergew\u00f6hnliche Begebenheiten, die sie auf ihren Reisen mit ihrem Vater erlebt haben will und mit denen sie oft ihr unangepasstes Verhalten begr\u00fcndet. So sollen in \u00c4gypten alle Menschen r\u00fcckw\u00e4rts gehen und in Hinterindien sogar auf den H\u00e4nden. Diese skurrilen Geschichten entstammen aber, wie sie zuweilen selbst zugibt, ihrer bl\u00fchenden Fantasie. Pippi ger\u00e4t h\u00e4ufig mit Erwachsenen in Konflikt \u2013 so widersetzt sie sich zwei Polizisten, die sie in ein Kinderheim bringen wollen \u2013 und verursacht regelm\u00e4\u00dfig Chaos: W\u00e4hrend einer Einladung zum Kaffeekr\u00e4nzchen streut sie Zucker auf den Boden, l\u00e4uft barfu\u00df dr\u00fcber und taucht ihr Gesicht in die Torte. Dabei bleibt sie jedoch stets freundlich, setzt ihre \u00fcbermenschliche Kraft nur im Notfall und sehr behutsam gegen andere ein und zeigt ein reifes, kinderuntypisches Verantwortungsgef\u00fchl.\r\n\r\nQuelle: Wikipedia\r\n\r\n&nbsp;\r\n"},"17":{"name":"[COLOR red]\u2022  [\/COLOR][COLOR white]TomundJerry[\/COLOR]","image":"https:\/\/wagasworld.com\/sites\/default\/files\/styles\/large\/public\/2021-01\/tom-und-jerry.jpg?itok=f4c0YHU3","link":"https:\/\/wagasworld.com\/kodi.php?channel=Tom.und.Jerry","info":""},"category_name":"Kids","image":"http:\/\/absolut-kodi.com\/WagaKodi\/pic\/kidsthumb.jpg","info":"Cartoons und mehr rund um die Uhr, nicht alle sind 24\/7 online."},{"0":{"name":"[COLOR red]\u2022  [\/COLOR][COLOR white]Assassination.Classroom[\/COLOR]","image":"https:\/\/wagasworld.com\/sites\/default\/files\/styles\/large\/public\/2021-01\/assassinationclassroom.jpg?itok=CjBfU61O","link":"https:\/\/wagasworld.com\/kodi.php?channel=AssassinationClassroom","info":""},"1":{"name":"[COLOR red]\u2022  [\/COLOR][COLOR white]Attack on Titan[\/COLOR]","image":"https:\/\/wagasworld.com\/sites\/default\/files\/styles\/large\/public\/2021-01\/attackontitan.jpg?itok=hpoSaZxR","link":"https:\/\/wagasworld.com\/kodi.php?channel=AttackonTitan","info":""},"2":{"name":"[COLOR red]\u2022  [\/COLOR][COLOR white]Captain Future[\/COLOR]","image":"https:\/\/wagasworld.com\/sites\/default\/files\/styles\/large\/public\/2021-01\/captain%20furture.jpg?itok=LDBQDao6","link":"https:\/\/wagasworld.com\/kodi.php?channel=captainfuture","info":""},"3":{"name":"[COLOR red]\u2022  [\/COLOR][COLOR white]Castlevania[\/COLOR]","image":"https:\/\/wagasworld.com\/sites\/default\/files\/styles\/large\/public\/2021-01\/75746-castlevania.jpg?itok=9hLT6ne7","link":"https:\/\/wagasworld.com\/kodi.php?channel=Castlevania","info":""},"4":{"name":"[COLOR red]\u2022  [\/COLOR][COLOR white]Detektiv Conan Serie[\/COLOR]","image":"https:\/\/wagasworld.com\/sites\/default\/files\/styles\/large\/public\/2021-01\/Detektiv-Conan-ProSieben-Maxx.png?itok=Kbxg1dul","link":"https:\/\/wagasworld.com\/kodi.php?channel=guldukat-conan","info":""},"5":{"name":"[COLOR red]\u2022  [\/COLOR][COLOR white]Fairy Tail[\/COLOR]","image":"https:\/\/wagasworld.com\/sites\/default\/files\/styles\/large\/public\/2021-01\/fairytail.jpg?itok=OTCHcoLp","link":"https:\/\/wagasworld.com\/kodi.php?channel=fairytail","info":""},"6":{"name":"[COLOR red]\u2022  [\/COLOR][COLOR white]One Piece[\/COLOR]","image":"https:\/\/wagasworld.com\/sites\/default\/files\/styles\/large\/public\/2021-01\/one-piece-movies-quoten_1.jpg?itok=LD5znHW3","link":"https:\/\/wagasworld.com\/kodi.php?channel=onepiece","info":""},"7":{"name":"[COLOR red]\u2022  [\/COLOR][COLOR white]Prison School[\/COLOR]","image":"https:\/\/wagasworld.com\/sites\/default\/files\/styles\/large\/public\/2021-01\/prisonschool.jpg?itok=t7hQ5xtE","link":"https:\/\/wagasworld.com\/kodi.php?channel=Prison.School","info":""},"8":{"name":"[COLOR red]\u2022  [\/COLOR][COLOR white]Shinchan[\/COLOR]","image":"https:\/\/wagasworld.com\/sites\/default\/files\/styles\/large\/public\/2021-01\/shin-chan.png?itok=uXXKhY9x","link":"https:\/\/wagasworld.com\/kodi.php?channel=shinchan","info":""},"9":{"name":"[COLOR red]\u2022  [\/COLOR][COLOR white]Touken.Ranbu.Hanamaru[\/COLOR]","image":"https:\/\/wagasworld.com\/sites\/default\/files\/styles\/large\/public\/2021-01\/ToukenRanbu.jpg?itok=URUD2q_I","link":"https:\/\/wagasworld.com\/kodi.php?channel=ToukenRanbu","info":""},"10":{"name":"[COLOR red]\u2022  [\/COLOR][COLOR white]Yamada-kun.and.the.7.Witches[\/COLOR]","image":"https:\/\/wagasworld.com\/sites\/default\/files\/styles\/large\/public\/2021-01\/Yamada-kun.and_.the_.7.Witches.jpg?itok=FqK_tNUg","link":"https:\/\/wagasworld.com\/kodi.php?channel=Yamada-kun","info":""},"11":{"name":"[COLOR red]\u2022  [\/COLOR][COLOR white]Yu Gi Oh[\/COLOR]","image":"https:\/\/wagasworld.com\/sites\/default\/files\/styles\/large\/public\/2021-01\/yugioh.jpg?itok=7qYDUaGn","link":"https:\/\/wagasworld.com\/kodi.php?channel=yugioh","info":""},"12":{"name":"[COLOR red]\u2022  [\/COLOR][COLOR white]DeathNote[\/COLOR]","image":"https:\/\/wagasworld.com\/sites\/default\/files\/styles\/large\/public\/2021-02\/Death_Note_900x500.jpg?itok=mabdq1pS","link":"https:\/\/wagasworld.com\/kodi.php?channel=DeathNote","info":"\r\n\t01.-.Wiedergeburt.flv\r\n\t02.-.Kampf.flv\r\n\t03.-.Handel.flv\r\n\t04.-.Jagd.flv\r\n\t05.-.Diplomatie.flv\r\n\t06.-.Kluft.flv\r\n\t07.-.Versuchung.flv\r\n\t08.-.Blick.flv\r\n\t09.-.Kontakt.flv\r\n\t10.-.Zweifel.flv\r\n\t11.-.Verantwortung.flv\r\n\t12.-.Liebe.flv\r\n\t14.-.Freund.flv\r\n\t16.-.Das.Urteil.flv\r\n\t17.-.Vollstreckung.flv\r\n\t18.-.Team.flv\r\n\t19.-.Matsuda.flv\r\n\t23.-.Tumult.flv\r\n\t24.-.Comeback.flv\r\n\t25.-.Stille.flv\r\n\t26.-.Erneuerung.flv\r\n\t28.-.Ungeduld.flv\r\n\t29.-.Vater.flv\r\n\t30.-.Gerechtigkeit.flv\r\n\t32.-.Auslese.flv\r\n\t34.-.Lauern.flv\r\n\t36.-.28..Januar.flv\r\n\t37.-.Eine.neue.Welt.flv\r\n\t&nbsp;\r\n\r\n"},"category_name":"Anime","image":"http:\/\/absolut-kodi.com\/WagaKodi\/pic\/animethumb.jpg","info":"Anime Serien rund um die Uhr, nicht alle sind 24\/7 online."},{"0":{"name":"[COLOR red]\u2022  [\/COLOR][COLOR white]Simpsons[\/COLOR]","image":"https:\/\/wagasworld.com\/sites\/default\/files\/styles\/large\/public\/2021-01\/simpsons_0_1.jpg?itok=y2zQ_HHO","link":"https:\/\/wagasworld.com\/kodi.php?channel=simpsons","info":""},"1":{"name":"[COLOR red]\u2022  [\/COLOR][COLOR white]Die Jetsons[\/COLOR]","image":"https:\/\/wagasworld.com\/sites\/default\/files\/styles\/large\/public\/2021-01\/die-jetsons-serie-rcm672x0u.jpg?itok=I48rFMG2","link":"https:\/\/wagasworld.com\/kodi.php?channel=guldukat-diejetsons","info":""},"2":{"name":"[COLOR red]\u2022  [\/COLOR][COLOR white]Futurama[\/COLOR]","image":"https:\/\/wagasworld.com\/sites\/default\/files\/styles\/large\/public\/2021-01\/FuturamaWallpaper1024.gif?itok=WgebuM20","link":"https:\/\/wagasworld.com\/kodi.php?channel=futurama","info":"S01E01.Zeit.und.Raum.3000\r\nS01E02.Sein.erster.Flug.zum.Mond\r\nS01E03.Wohnungssuche.in.Neu.New.York\r\nS01E04.Begegnung.mit.Zapp.Brannigan\r\nS01E05.Planet.der.Roboter\r\nS01E06.Das.Geheimnis.der.Anchovis\r\nS01E07.Die.Galaxis.des.Terrors\r\nS01E08.Muell.macht.erfinderisch\r\nS01E09.Ein.echtes.Hoellenspektakel\r\nS02E01.Panik.auf.Raumschiff.Titanic\r\nS02E02.Das.Experiment.der.Mars.Universitaet\r\nS02E03.Wenn.Ausserirdische.angreifen\r\nS02E04.Die.Party.mit.Slurm.McKenzie\r\nS02E05.Gefuehls.Chip.gefaellig\r\nS02E06.Brannigan.fang.wieder.an\r\nS02E07.Getrennt.von.Kopf.und.Koerper\r\nS02E08.X.mas.Story\r\nS02E09.Das.merkwuerdige.Verhalten..\r\nS02E10.Valentinstag.3000\r\nS02E11.Die.Wahl.zur.Miss.Universum\r\nS02E12.Wie.ein.wilder.Bender\r\nS02E13.Hochzeitstag.auf.Cyclopia\r\nS02E14.Die.Rhythmus.Rueckerstattung\r\nS02E15.Wie.der.Vater.so.der.Klon\r\nS02E16.Tief.im.Sueden\r\nS02E17.Allein.gegen.die.Roboter.Mafia\r\nS02E18.Kennen.Sie.Popplers\r\nS02E19.Muttertag\r\nS02E20.Geschichten.von.Interesse.Nr.1\r\nS03E01.Dieses.unheimliche.Hupen\r\nS03E02.Krieg.auf.Spheron.Eins\r\nS03E03.Die.Frau.die.aus.der.Kaelte.kam\r\nS03E04.Im.Reich.der.Parasiten\r\nS03E05.Amazonen.machen.Snu.Snu\r\nS03E06.Bender.bis.ueber.beide.Ohren\r\nS03E07.Der.Tag.an.dem.die.Erde.verdummte\r\nS03E08.Zoidberg.geht.nach.Hollywood\r\nS03E09.Bender.unter.Pinguinen\r\nS03E10.Das.Glueck.des.Philip.J.Fry\r\nS03E11.In.den.Augen.einer.Waise\r\nS03E12.Roboter.Roberto.Bankraeuber\r\nS03E13.Bender.auf.Tour\r\nS03E14.Wie.die.Zeit.vergeht\r\nS03E15.Date.mit.einem.Roboter\r\nS04E01.Roswell.gut.alles.gut\r\nS04E02.Alle.Jahre.wieder\r\nS04E03.Geschichten.von.Interesse.Nr.2\r\nS04E04.Liebe.und.Raketen\r\nS04E05.Die.Waise.des.Jahres\r\nS04E06.Vierzig.Kaefer.westwaerts\r\nS04E07.Der.unvergessene.Pharao\r\nS04E08.Der.goettliche.Bender\r\nS04E09.Wer.wird.Millionaer\r\nS04E10.Eine.Klasse.fuer.sich\r\nS04E11.Das.Kochduell\r\nS04E12.Der.letzte.Trekki\r\nS05E01.Die.stinkende.Medaille..\r\nS05E02.Gebell.aus.der.Steinzeit\r\nS05E03.Die.Wurzel.allen.Uebels\r\nS05E04.Der.Geschmack.der.Freiheit\r\nS05E05.Smizmarr.oder.der.Tee.des.Lebens\r\nS05E06.Superhelden\r\nS05E07.Die.Quelle.des.Alterns\r\nS05E08.Fhillip.J.Fry.V.I.P.\r\nS05E09.Der.Stich\r\nS05E10.Die.Farnsworth.Parabox\r\nS05E11.Dreihundert.dicke.Dinger\r\nS05E12.Lustkrise.auf.Omicron.Persei.Acht\r\nS05E13.Coilette.und.Calculon.Eine.Liebesgeschichte\r\nS05E14.Absolut.fabelhaft\r\nS05E15.Wer.ist.hier.cool\r\nS05E16.Die.Haende.des.Teufels\r\nS06E01.Wiedergeburt\r\nS06E02.Der.Leela.Laune.Zapp\r\nS06E03.Angriff.der.Killer.App\r\nS06E04.Roboter.Street.Day\r\nS06E05.Der.Da.Bloedi.Code\r\nS06E06.Toedliche.Inspektion\r\nS06E07.Die.unglaubliche.Reise.in.einer..\r\nS06E08.Katzenjammer\r\nS06E09.Uhrwerk.Original\r\nS06E10.Im.Koerper.des.Freundes\r\nS06E11.Velrrueckt.nach.Ndndir\r\nS06E12.Rebellion.der.Mutanten\r\nS06E13.Das.Feiertagsspektakel\r\nS06E14.Neutopia\r\nS06E15.Benderama\r\nS06E16.Ghost.Nachricht.von.Bender\r\nS06E17.Denn.sie.wissen.nicht.was.sie..\r\nS06E18.Das.Schweigen.der.Klemmen\r\nS06E19.Willkommen.bei.den.Humplings\r\nS06E20.Dead.Presidents\r\nS06E21.Moebius.Dick\r\nS06E22.Das.Ei.des.Fry\r\nS06E23.Die.Spitze.des.Zoidbergs\r\nS06E24.Kalte.Krieger\r\nS06E25.Uebertaktlos\r\nS06E26.Reinkarnation\r\nS07E01.Von.Robos.und.Bienen\r\nS07E02.Mars.macht.mobil\r\nS07E03.Entscheidung.3012\r\nS07E04.Eingetuetet\r\nS07E05.Sex.mit.Zapp\r\nS07E06.Der.Schmetterlings.Defekt\r\nS07E07.Ein.Upgrade.kommt.selten.allein\r\nS07E08.Im.Neandertal.der.Traenen\r\nS07E09.Freier.Wille\r\nS07E10.Matrix.Revolutions\r\nS07E11.31st.Century.Fox\r\nS07E12.Viva.Mars.Vegas\r\nS07E13.Naturama\r\nS07E14.Flatbush.City.Limits\r\nS07E15.Planet.der.Primaten\r\nS07E16.Alles.ausser.irdisch\r\nS07E17.Rostige.Schienen\r\nS07E18.Die.unmenschliche.Fackel\r\nS07E19.und.Freunde\r\nS07E20.Calculon.2.0\r\nS07E21.Gesaesskapaden\r\nS07E22.Der.Robo.der.Riese.der.Krake\r\nS07E23.Game.of.Tones\r\nS07E24.Mord.im.Planet.Express\r\nS07E25.Kein.Duft.fuer.Frauen\r\nS07E26.Zehn.Sekunden\r\n"},"3":{"name":"[COLOR red]\u2022  [\/COLOR][COLOR white]Guardians of the Galaxy[\/COLOR]","image":"https:\/\/wagasworld.com\/sites\/default\/files\/styles\/large\/public\/2021-01\/guardians-of-the-galaxy.jpg?itok=H9lMLcLI","link":"https:\/\/wagasworld.com\/kodi.php?channel=guldukat-guardianofthegalaxy","info":""},"4":{"name":"[COLOR red]\u2022  [\/COLOR][COLOR white]He-Man[\/COLOR]","image":"https:\/\/wagasworld.com\/sites\/default\/files\/styles\/large\/public\/2021-01\/He-man.jpg?itok=IaVNTv0B","link":"https:\/\/wagasworld.com\/kodi.php?channel=guldukat-heman","info":""},"5":{"name":"[COLOR red]\u2022  [\/COLOR][COLOR white]New Spiderman[\/COLOR]","image":"https:\/\/wagasworld.com\/sites\/default\/files\/styles\/large\/public\/2021-01\/New%20Spiderman.jpg?itok=u--aC16S","link":"https:\/\/wagasworld.com\/kodi.php?channel=newspiderman","info":""},"6":{"name":"[COLOR red]\u2022  [\/COLOR][COLOR white]South Park[\/COLOR]","image":"https:\/\/wagasworld.com\/sites\/default\/files\/styles\/large\/public\/2021-01\/southpark-1_0.jpg?itok=SjzqB7ZD","link":"https:\/\/wagasworld.com\/kodi.php?channel=southpark","info":"bis S23E10\r\n"},"7":{"name":"[COLOR red]\u2022  [\/COLOR][COLOR white]Star Trek The Animated Series[\/COLOR]","image":"https:\/\/wagasworld.com\/sites\/default\/files\/styles\/large\/public\/2021-01\/Star_Trek__The_Animated_Series_by_OblivionMedia.jpg?itok=wdQWHo87","link":"https:\/\/wagasworld.com\/kodi.php?channel=guldukat-trekkieanimated","info":""},"8":{"name":"[COLOR red]\u2022  [\/COLOR][COLOR white]Tim und Struppi[\/COLOR]","image":"https:\/\/wagasworld.com\/sites\/default\/files\/styles\/large\/public\/2021-01\/Schoepfer-von-Tim-und-Struppi-bekommt-Museum.jpg?itok=8YEstDbC","link":"https:\/\/wagasworld.com\/kodi.php?channel=Tim.und.Struppi","info":""},"category_name":"Cartoons","image":"http:\/\/absolut-kodi.com\/WagaKodi\/pic\/cartoons.jpg","info":"Cartoons rund um die Uhr, nicht alle sind 24\/7 online."},{"0":{"name":"[COLOR red]\u2022  [\/COLOR][COLOR white]Bezaubernde Jeannie[\/COLOR]","image":"https:\/\/wagasworld.com\/sites\/default\/files\/styles\/large\/public\/2021-01\/jeannie8-rcm950x0.jpg?itok=EQTlaQg6","link":"https:\/\/wagasworld.com\/kodi.php?channel=bezauberndejeannie","info":""},"1":{"name":"[COLOR red]\u2022  [\/COLOR][COLOR white]2BrokeGirls[\/COLOR]","image":"https:\/\/wagasworld.com\/sites\/default\/files\/styles\/large\/public\/2021-01\/2BrokeGirls.jpg?itok=Prx-2fZ8","link":"https:\/\/wagasworld.com\/kodi.php?channel=2.Broke.Girls","info":""},"2":{"name":"[COLOR red]\u2022  [\/COLOR][COLOR white]ALF[\/COLOR]","image":"https:\/\/wagasworld.com\/sites\/default\/files\/styles\/large\/public\/2021-01\/alf.jpg?itok=m2d3oAJf","link":"https:\/\/wagasworld.com\/kodi.php?channel=guldukat-alf","info":"Nachdem er mit seinem Raumschiff eine Bruchlandung durchs Garagendach hingelegt hat, nimmt Familie Tanner den Au\u00dferirdischen ALF bei sich zu Hause auf. Fortan gilt es, das Witze erz\u00e4hlende und Chaos stiftende Zottelvieh vor den Nachbarn und dem Milit\u00e4r zu verstecken und die Hauskatze vor seinem ungew\u00f6hnlichen Appetit zu besch\u00fctzen. Allerdings w\u00fcnscht sich der liebenswert-durchgeknallte ALF doch immer wieder ein Wiedersehen mit den anderen \u00dcberlebenden seines explodierten Heimatplaneten.\r\n"},"3":{"name":"[COLOR red]\u2022  [\/COLOR][COLOR white]Alle hassen Chris[\/COLOR]","image":"https:\/\/wagasworld.com\/sites\/default\/files\/styles\/large\/public\/2021-01\/alle-hassen-chris.jpg?itok=gTNPZGou","link":"https:\/\/wagasworld.com\/kodi.php?channel=guldukat-allehassenchris","info":"Brooklyn in den fr\u00fchen 80er Jahren. Chris ist 13 Jahre alt und voller Hoffnung, endlich ein cooler Teenager zu werden. Das Heranwachsen stellt sich allerdings als sehr kompliziert heraus: Er ist fast das einzige schwarze Kind an seiner Schule.\r\n"},"4":{"name":"[COLOR red]\u2022  [\/COLOR][COLOR white]Die wilden 70er[\/COLOR]","image":"https:\/\/wagasworld.com\/sites\/default\/files\/styles\/large\/public\/2021-01\/die%20wilden%20siebziger.jpg?itok=n2fWifRd","link":"https:\/\/wagasworld.com\/kodi.php?channel=guldukat-wildesiebziger","info":"Eric hat in seinem Keller ein Refugium f\u00fcr seine farbenfrohen, quirligen Freunde gebaut. Im Laufe der Zeit knistert es vor allem zwischen Eric und seiner Freundin Donna immer wieder, aber Amors Pfeile fliegen des \u00d6fteren auch in andere Richtungen.\r\n"},"5":{"name":"[COLOR red]\u2022  [\/COLOR][COLOR white]Ein K\u00e4fig voller Helden[\/COLOR]","image":"https:\/\/wagasworld.com\/sites\/default\/files\/styles\/large\/public\/2021-01\/ekvh.jpg?itok=6E-N0879","link":"https:\/\/wagasworld.com\/kodi.php?channel=guldukat-kaefigvollerhelden","info":"Die Serie spielt in dem fiktiven deutschen Kriegsgefangenenlager Stalag 13, das sich in der N\u00e4he des Ortes Hammelburg befindet. Im Lager der Luftwaffe werden Gefangene der westlichen alliierten Streitkr\u00e4fte, also vornehmlich US-amerikanische, britische und franz\u00f6sische Soldaten, festgehalten.\r\n\r\nUnter Ausnutzung der karikaturhaften Einf\u00e4ltigkeit ihrer Bewacher dient das Lager den Gefangenen als eigene Basis, von der aus sie zahlreiche Sabotageakte durchf\u00fchren und so die Kriegsanstrengungen der Alliierten mit ihren bescheidenen Mitteln unterst\u00fctzen.\r\n\r\nQuelle:Wikipedia\r\n\r\n&nbsp;\r\n"},"6":{"name":"[COLOR red]\u2022  [\/COLOR][COLOR white]Eine schrecklich nette Familie[\/COLOR]","image":"https:\/\/wagasworld.com\/sites\/default\/files\/styles\/large\/public\/2021-01\/al-bundy-pa_7756039-original-lightbox.jpg?itok=P-9R4m_J","link":"https:\/\/wagasworld.com\/kodi.php?channel=guldukat-schrecklichefamilie","info":"Im Mittelpunkt der Serie steht der erfolglose Schuhverk\u00e4ufer Al Bundy und seine Familie. Al Bundy ist verheiratet und Vater zweier Kinder. Einst ein vielversprechender Football-Spieler, arbeitet er nun als Schuhverk\u00e4ufer, um seine Ehefrau Peggy und seine beiden Kinder Kelly und Bart zu versorgen. Oft tr\u00e4umt er von einem besseren Leben, ohne die Strapazen des Alltags, die ihm Familie und Nachbarn einbringen.\r\n\r\nQuelle:Wikipedia\r\n"},"7":{"name":"[COLOR red]\u2022  [\/COLOR][COLOR white]Familie Heinz Becker[\/COLOR]","image":"https:\/\/wagasworld.com\/sites\/default\/files\/styles\/large\/public\/2021-01\/heinz%20becker.jpg?itok=s0FAtwzM","link":"https:\/\/wagasworld.com\/kodi.php?channel=heinzbecker","info":"Familienoberhaupt Heinz Becker (Gerd Dudenh\u00f6ffer) hat von allem keine Ahnung, \u00e4u\u00dfert seine Meinung aber ungefragt bei jeder Gelegenheit. Mit \u201eBatschkapp\u201c auf dem Kopf und Bierflasche in der Hand bricht der kleinkarierte Spie\u00dfb\u00fcrger weltweite Zusammenh\u00e4nge auf seinen saarl\u00e4ndischen Mikrokosmos herunter und terrorisiert mit haneb\u00fcchenen Behauptungen seine minderbemittelte Frau und seinen leidgepr\u00fcften Sohn. Die feinsinnig-wortwitzigen Eskapaden der Beckers erlangten deutschlandweit Kultstatus.\r\n"},"8":{"name":"[COLOR red]\u2022  [\/COLOR][COLOR white]H\u00f6r mal, wer da h\u00e4mmert[\/COLOR]","image":"https:\/\/wagasworld.com\/sites\/default\/files\/styles\/large\/public\/2021-01\/h%C3%B6rmalwerdah%C3%A4mmert_0.jpg?itok=GGcCf0C2","link":"https:\/\/wagasworld.com\/kodi.php?channel=guldukat-homeimprovement","info":"Star der Sitcom ist Tim Taylor, der als Moderator einer TV-Heimwerkersendung sein Geld verdient und auch zu Hause gerne selber Hand anlegt - was in der Regel zu Chaos und Verw\u00fcstung f\u00fchrt. Tim und seine Frau Jill haben drei aufgeweckte S\u00f6hne und einen kauzigen philosophierenden Nachbarn. Auch wenn handwerkliche (Un-)F\u00e4higkeiten den Rahmen bilden, so geht es doch im Kern meist um ganz allt\u00e4gliche Familienprobleme, die die Taylors mit Witz und Gef\u00fchl l\u00f6sen.\r\n"},"9":{"name":"[COLOR red]\u2022  [\/COLOR][COLOR white]How I Met Your Mother[\/COLOR]","image":"https:\/\/wagasworld.com\/sites\/default\/files\/styles\/large\/public\/2021-01\/Himym1.jpg?itok=78LFvL0V","link":"https:\/\/wagasworld.com\/kodi.php?channel=Himym","info":""},"10":{"name":"[COLOR red]\u2022  [\/COLOR][COLOR white]Immer wieder Jim[\/COLOR]","image":"https:\/\/wagasworld.com\/sites\/default\/files\/styles\/large\/public\/2021-01\/immerwiederjim1.jpg?itok=eUs9HZBu","link":"https:\/\/wagasworld.com\/kodi.php?channel=guldukat-immerwiederjim","info":"Jim und Cheryl f\u00fchren eine gl\u00fcckliche Ehe und haben zwei entz\u00fcckende T\u00f6chter. Die Leben k\u00f6nnte perfekt sein, w\u00e4re da nicht die nervige Verwandtschaft, die die beiden zuweilen an den Rande des Wahnsinns treibt.\r\n"},"11":{"name":"[COLOR red]\u2022  [\/COLOR][COLOR white]King of Queens[\/COLOR]","image":"https:\/\/wagasworld.com\/sites\/default\/files\/styles\/large\/public\/2021-01\/kingofqueens.jpg?itok=QmcfvitT","link":"https:\/\/wagasworld.com\/kodi.php?channel=guldukat-koq","info":"Der Kurierfahrer Doug Heffernan ist mit seinem Leben eigentlich zufrieden. Seine Frau Carrie arbeitet als Anwaltsgehilfin. Als Carries Vater Arthur bei ihnen einzieht, wird ihre Ehe und ihre Geduld auf eine harte Probe gestellt.\r\n"},"12":{"name":"[COLOR red]\u2022  [\/COLOR][COLOR white]Little Britain[\/COLOR]","image":"https:\/\/wagasworld.com\/sites\/default\/files\/styles\/large\/public\/2021-01\/little%20Britain.jpg?itok=aOsLWZpZ","link":"https:\/\/wagasworld.com\/kodi.php?channel=guldukat-littlebritain","info":""},"13":{"name":"[COLOR red]\u2022  [\/COLOR][COLOR white]Malcolm mittendrin[\/COLOR]","image":"https:\/\/wagasworld.com\/sites\/default\/files\/styles\/large\/public\/2021-01\/malcolm-mittendrin-staffel-1-dvd-newsbild.jpg?itok=XWEvbS_P","link":"https:\/\/wagasworld.com\/kodi.php?channel=malcom","info":""},"14":{"name":"[COLOR red]\u2022  [\/COLOR][COLOR white]Mike & Molly[\/COLOR]","image":"https:\/\/wagasworld.com\/sites\/default\/files\/styles\/large\/public\/2021-01\/mikeundmolly_0.jpg?itok=M5g78GY3","link":"https:\/\/wagasworld.com\/kodi.php?channel=guldukat-mikeundmolly","info":"Officer Michael Biggs ist ein herzensguter Polizeibeamter aus Chicago, der genauso wie die temperamentvolle Grundschullehrerin Molly Flynn an \u00dcbergewicht leidet. Die beiden lernen sich bei einem `Overeaters'-Treffen, einer Selbsthilfegruppe f\u00fcr \u00fcbergewichtige Menschen, kennen und f\u00fchlen sich sofort&nbsp;zueinander hingezogen. Molly und Mike werden beide immer wieder von ihrem Ziel, abzunehmen, abgelenkt: Molly leidet darunter, dass sowohl ihre Mutter als auch ihre Schwester gertenschlank sind und Mike hat Schwierigkeiten, beim Mittagessen mit seinen Kollegen auf alle K\u00f6stlichkeiten zu verzichten. Mike ist au\u00dferdem sch\u00fcchtern und traut sich anfangs nicht, Molly um ein Date zu bitten. Als bei ihr eingebrochen wird und Mike zuf\u00e4llig vor der T\u00fcr steht, \u00fcberwindet er sich und verabredet sich mit ihr. Die beiden sagen den Pfunden gemeinsam den Kampf an und unterst\u00fctzen sich fortan gegenseitig - nicht nur beim Abnehmen.\r\n\r\n&nbsp;\r\n\r\n...bis Staffel 6 Episode 2\r\n"},"15":{"name":"[COLOR red]\u2022  [\/COLOR][COLOR white]Mister Bean[\/COLOR]","image":"https:\/\/wagasworld.com\/sites\/default\/files\/styles\/large\/public\/2021-01\/mr%20bean.jpg?itok=f5eVDFcr","link":"https:\/\/wagasworld.com\/kodi.php?channel=guldukat-bean","info":"Mr. Bean richtet beim unorthodoxen L\u00f6sen seiner kleinen Alltagsprobleme in der Regel Chaos an.\r\n"},"16":{"name":"[COLOR red]\u2022  [\/COLOR][COLOR white]Prinz von Bel Air[\/COLOR]","image":"https:\/\/wagasworld.com\/sites\/default\/files\/styles\/large\/public\/2021-01\/prinz%20von%20bel%20air.jpg?itok=g4W2AO5n","link":"https:\/\/wagasworld.com\/kodi.php?channel=guldukat-belair","info":"Teenager Will aus Philadelphia zieht zu seinen Verwandten nach Bel-Air. Am Anfang kommt es immer wieder zu Streitigkeiten zwischen ihm, seinem Onkel, seiner Cousine und seinem Cousin, doch alle freunden sich langsam an.\r\n"},"17":{"name":"[COLOR red]\u2022  [\/COLOR][COLOR white]Scrubs[\/COLOR]","image":"https:\/\/wagasworld.com\/sites\/default\/files\/styles\/large\/public\/2021-01\/scrubs_series_0.jpg?itok=WF75uzqT","link":"https:\/\/wagasworld.com\/kodi.php?channel=guldukat-scrubs","info":"Junge angehende \u00c4rzte erleben in einem bizarren Krankenhaus t\u00e4glich Unvorhersehbares.\r\n"},"18":{"name":"[COLOR red]\u2022  [\/COLOR][COLOR white]The Big Bang Theory[\/COLOR]","image":"https:\/\/wagasworld.com\/sites\/default\/files\/styles\/large\/public\/2021-01\/tbbt-the-big-bang-theory-31365504-1280-879.jpg?itok=F6SXp_dW","link":"https:\/\/wagasworld.com\/kodi.php?channel=guldukat-tbbt","info":"Dr. Leonard Leakey Hofstadter und Dr. Sheldon Cooper sind geniale Physiker, arbeiten im selben Institut und teilen sich eine Wohnung. Im Umgang mit der sozialen Umwelt hingegen hat vor allem Sheldon seine Schwierigkeiten. Zu ihrem Freundeskreis geh\u00f6ren Dr. Rajesh Ramayan Koothrappali und der Ingenieur Howard Wolowitz. Als die h\u00fcbsche Penny in die Wohnung nebenan einzieht, kann sie zun\u00e4chst nicht viel mit den merkw\u00fcrdigen Wissenschaftlern, die ihre Freizeit am liebsten im Comicbuchladen und Halo oder World of Warcraft spielend verbringen, anfangen. Nach einer Weile w\u00e4chst ihr die Gruppe aber ans Herz\r\n\r\n&nbsp;\r\n\r\n...bis S12E24&nbsp; Komplett!\r\n"},"19":{"name":"[COLOR red]\u2022  [\/COLOR][COLOR white]Two and a Half Men[\/COLOR]","image":"https:\/\/wagasworld.com\/sites\/default\/files\/styles\/large\/public\/2021-01\/taahm.png?itok=yNaBu-TJ","link":"https:\/\/wagasworld.com\/kodi.php?channel=guldukat-taahm","info":"Der erfolgreiche Werbejingle-Komponist Charlie Harper genie\u00dft sein Junggesellen-Leben in seinem Haus am Strand von Malibu. Doch dann zieht sein Bruder, der sch\u00fcchterne, frisch geschiedene Chiropraktiker Alan gemeinsam mit seinem Sohn Jake bei ihm ein. Den beiden gegens\u00e4tzlichen Br\u00fcdern f\u00e4llt das Zusammenleben nicht immer leicht, doch irgendwie m\u00fcssen sie sich arrangieren. Als Charlie pl\u00f6tzlich stirbt, kauft der etwas weltfremde Internet-Milliard\u00e4r Walden Schmidt das Strandhaus und zieht bei Alan und Jake ein. Nun ist es Alan, der seinem neuen, unerfahrenen Mitbewohner in allen Lebenslagen mit Rat und Tat zur Seite steht.\r\n\r\nkomplett\r\n\r\n&nbsp;\r\n"},"20":{"name":"[COLOR red]\u2022  [\/COLOR][COLOR white]Young Sheldon[\/COLOR]","image":"https:\/\/wagasworld.com\/sites\/default\/files\/styles\/large\/public\/2021-01\/yound%20sheldon.jpg?itok=NKvSHk-R","link":"https:\/\/wagasworld.com\/kodi.php?channel=guldukat-youngsheldon","info":"Der neunj\u00e4hrige Sheldon Cooper hat vier Klassen \u00fcbersprungen und beginnt gleichzeitig mit seinem \u00e4lteren Bruder an der Highschool. Die Tatsache, dass er hochbegabt ist, st\u00f6\u00dft bei seinem Vater, seinen Geschwistern und seinen Schulkameraden h\u00e4ufig auf Unverst\u00e4ndnis, doch Sheldons Mutter unterst\u00fctzt ihn umso mehr. Wegen seiner eigenwilligen Art treibt er seinen Bruder und seine Schwester oft zur Wei\u00dfglut und auch die Lehrerschaft ist nicht gerade begeistert von dem neunmalklugen Jungen mit dem besonderen Talent f\u00fcr die Wissenschaft.\r\n\r\nbis Staffel 3&nbsp;Episode 14\r\n"},"category_name":"Sitcoms","image":"http:\/\/absolut-kodi.com\/WagaKodi\/pic\/sitomthumb.jpg","info":"Sitcoms rund um die Uhr, nicht alle sind 24\/7 online."},{"0":{"name":"[COLOR red]\u2022  [\/COLOR][COLOR white]Eureka[\/COLOR]","image":"https:\/\/wagasworld.com\/sites\/default\/files\/styles\/large\/public\/2021-01\/eureka-die-geheime-stadt.jpg?itok=m3YpHUTo","link":"https:\/\/wagasworld.com\/kodi.php?channel=guldukat-eureka","info":""},"1":{"name":"[COLOR red]\u2022  [\/COLOR][COLOR white]Charmed[\/COLOR]","image":"https:\/\/wagasworld.com\/sites\/default\/files\/styles\/large\/public\/2021-01\/Charmed.jpg?itok=0XjeMJEy","link":"https:\/\/wagasworld.com\/kodi.php?channel=guldukat-charmed","info":"Die Schwestern Prue, Piper und Phoebe entfesseln, ohne es zu ahnen, Zauberkr\u00e4fte, die sie zu den m\u00e4chtigsten Hexen aller Zeiten machen. Mit den neuerrungenen Kr\u00e4ften bek\u00e4mpfen sie das B\u00f6se und besch\u00fctzen Unschuldige.\r\n"},"2":{"name":"[COLOR red]\u2022  [\/COLOR][COLOR white]Grimm[\/COLOR]","image":"https:\/\/wagasworld.com\/sites\/default\/files\/styles\/large\/public\/2021-01\/grimm.jpg?itok=X3pmaDSh","link":"https:\/\/wagasworld.com\/kodi.php?channel=guldukat-grimm","info":"Nick Burkhardt ist ein Mordermittler am Portlander Police Department. Seine Eltern sind gestorben, als er noch ein kleiner Junge war, weswegen er von seiner Tante aufgezogen wurde. Sein Leben erf\u00e4hrt eine Wende, als er eines Tages von seiner kranken Tante erf\u00e4hrt, dass er der Nachkomme einer elit\u00e4ren Gruppe von J\u00e4gern, den sogenannten `Grimms', sei. Seine Aufgabe besteht darin, das Gleichgewicht zwischen Menschen und mythischen Wesen aufrecht zu erhalten und damit die Menschheit zu besch\u00fctzen. Nick erkennt fortan, welche Menschen aus einer \u00fcbernat\u00fcrlichen Welt stammen. Er, sein Freund Monroe, der eigentlich ein wolf\u00e4hnliches Wesen ist, und Detective Hank Griffin schlagen sich gemeinsam mit gef\u00e4hrlichen Gesch\u00f6pfen herum.\r\n"},"3":{"name":"[COLOR red]\u2022  [\/COLOR][COLOR white]Supernatural[\/COLOR]","image":"https:\/\/wagasworld.com\/sites\/default\/files\/styles\/large\/public\/2021-01\/supernatural.jpg?itok=itIWM9bn","link":"https:\/\/wagasworld.com\/kodi.php?channel=guldukat-spn","info":"Die Br\u00fcder Sam und Dean Winchester haben bereits als Kinder ihre Mutter verloren. Wie sich herausstellte, wurde sie von einem durch D\u00e4monen verursachten Brand get\u00f6tet. Ihr Vater begab sich seitdem auf die Mission, den M\u00f6rder zu finden und auszuschalten. Seine Kinder nahm er mit und lehrte sie den Kampf gegen das \u00dcbernat\u00fcrliche. Sam wollte ein normales Leben f\u00fchren und ging an die Stanford University studieren, w\u00e4hrend Dean bei seinem Vater blieb. Als allerdings der Vater der beiden auf mysteri\u00f6se Art und Weise verschwindet und Sams Freundin auf eine \u00e4hnliche Weise stirbt wie seine Mutter, beschlie\u00dfen die Br\u00fcder, sich gemeinsam auf die Suche nach ihrem Vater zu machen. Auf ihrer Reise bek\u00e4mpfen sie jede \u00fcbernat\u00fcrliche Macht, die sich ihnen in den Weg stellt.\r\n\r\n&nbsp;\r\n\r\n...bis S14E20\r\n"},"4":{"name":"[COLOR red]\u2022  [\/COLOR][COLOR white]The Walking Dead[\/COLOR]","image":"https:\/\/wagasworld.com\/sites\/default\/files\/styles\/large\/public\/2021-01\/thewalkingdead.jpg?itok=WSy8_xgL","link":"https:\/\/wagasworld.com\/kodi.php?channel=walkingdead","info":"Als der Hilfssheriff Rick Grimes aus einem wochenlangen Koma erwacht, findet er eine v\u00f6llig ver\u00e4nderte Welt vor, in der \u00dcberlebende einer Zombie-Apokalypse vor den allgegenw\u00e4rtigen Untoten auf der Flucht sind. Rick begibt sich zun\u00e4chst auf die Suche nach seiner Frau Lori und seinem Sohn Carl, in der&nbsp;Hoffnung, dass diese \u00fcberlebt haben. Schlie\u00dflich \u00fcbernimmt er die F\u00fchrung einer kleinen Gruppe von \u00dcberlebenden auf der Suche nach einer dauerhaften und sicheren Unterkunft. Dabei stellen die \u00fcberall pr\u00e4senten Zombies eine st\u00e4ndige Bedrohung dar, doch auch innerhalb der Gruppe brechen immer wieder Konflikte aus.\r\n\r\nbis Staffel 6 Episode 12.\r\nWeitere Staffeln folgen\r\n"},"5":{"name":"[COLOR red]\u2022  [\/COLOR][COLOR white]Warehouse 13[\/COLOR]","image":"https:\/\/wagasworld.com\/sites\/default\/files\/styles\/large\/public\/2021-01\/warehouse%2013_0.jpg?itok=k4xIbLhD","link":"https:\/\/wagasworld.com\/kodi.php?channel=guldukat-warehouse","info":"Die beiden Top-Geheimagenten Myka Bering und Peter Lattimer erhalten \u00fcberraschenderweise den Auftrag, ein altes Lagerhaus zu bewachen. Zun\u00e4chst halten sie diese Mission f\u00fcr einen Scherz, doch dann finden sie heraus, dass das `Warehouse 13' ein geheimes Lager f\u00fcr wertvolle Artefakte ist, das seit Jahrhunderten existiert. Die Artefakte haben zum Teil \u00fcbernat\u00fcrliche Kr\u00e4fte. Die Aufgabe der beiden Spione ist es, die mysteri\u00f6sen Objekte zu besch\u00fctzen sowie verschwundene oder neue Artefakte zu beschaffen, was mit gro\u00dfen Gefahren verbunden ist. Die rationale und praktische Myka und der eher emotionale, instinktiv-handelnde Peter k\u00f6nnten unterschiedlicher nicht sein, was ihre Zusammenarbeit nicht gerade einfacher macht. Doch die gemeinsame Arbeit in dem geheimen Lagerhaus schwei\u00dft das ungleiche Team bald zusammen.\r\n"},"category_name":"FantasyMystery","image":"http:\/\/absolut-kodi.com\/WagaKodi\/pic\/mystery.jpg","info":"Fantasy\/Mystery Serien rund um die Uhr, nicht alle sind 24\/7 online."},{"0":{"name":"[COLOR red]\u2022  [\/COLOR][COLOR white]Raumpatrouille Orion[\/COLOR]","image":"https:\/\/wagasworld.com\/sites\/default\/files\/styles\/large\/public\/2021-01\/250px-Raumpatrouille_orion.jpg?itok=uKN8FQsA","link":"https:\/\/wagasworld.com\/kodi.php?channel=guldukat-orion","info":"Commander McLane wird mit seinem Raumkreuzer Orion f\u00fcr drei Jahre zur Verkehrs\u00fcberwachung in den Sektor 219-33-9 strafversetzt, weil er gegen eine Anordnung versto\u00dfen hat. Sicherheitsoffizier Jagellovsk soll ihn dabei \u00fcberwachen.\r\n\r\nAbsolutes \"Muss\" f\u00fcr alle SciFi Liebhaber :)\r\n\r\n1 Angriff aus dem All\r\n\r\n2 Planet au\u00dfer Kurs\r\n\r\n3 H\u00fcter des Gesetzes\r\n\r\n4 Deserteure\r\n\r\n5 Der Kampf um die Sonne\r\n\r\n6 Die Raumfalle\r\n\r\n7 Invasion\r\n\r\n8 R\u00fccksturz ins Kino\r\n"},"1":{"name":"[COLOR red]\u2022  [\/COLOR][COLOR white]Babylon 5 \/ Crusade[\/COLOR]","image":"https:\/\/wagasworld.com\/sites\/default\/files\/styles\/large\/public\/2021-01\/babylon5.jpg?itok=PJh8_7ij","link":"https:\/\/wagasworld.com\/kodi.php?channel=guldukat-babylon5","info":"Babylon 5\r\n\r\nSinclair \u00fcbernimmt das Kommando \u00fcber die neue Raumstation Babylon 5, auf der unterschiedlichste V\u00f6lker dank der Neutralit\u00e4t der Station gemeinsam leben k\u00f6nnen. Die Raumstation ist die letzte Hoffnung auf Frieden in der Galaxie.\r\n\r\nCrusade\r\n\r\nCrusade ist eine 13 Episoden umfassende US-amerikanische Science-Fiction-Fernsehserie von J. Michael Straczynski aus dem Jahr 1999. Die Serie ist ein Ableger der Fernsehserie Babylon 5. Sie wurde vorzeitig abgesetzt.&nbsp;\r\n\r\n&nbsp;\r\n\r\n&nbsp;\r\n"},"2":{"name":"[COLOR red]\u2022  [\/COLOR][COLOR white]Buck Rogers[\/COLOR]","image":"https:\/\/wagasworld.com\/sites\/default\/files\/styles\/large\/public\/2021-01\/BuckRogers_b_600.jpg?itok=TGs1o_QG","link":"https:\/\/wagasworld.com\/kodi.php?channel=buckrogers","info":""},"3":{"name":"[COLOR red]\u2022  [\/COLOR][COLOR white]Doctor Who[\/COLOR]","image":"https:\/\/wagasworld.com\/sites\/default\/files\/styles\/large\/public\/2021-01\/drwho.jpg?itok=8E4vmkCm","link":"https:\/\/wagasworld.com\/kodi.php?channel=doctor-who","info":"Ein mysteri\u00f6ser Au\u00dferirdischer in menschlicher Gestalt namens `Doktor' reist in seinem Raumschiff durch Zeit und Raum. Dabei erforscht er unterschiedliche Lebensformen, kann Ereignisse in der Vergangenheit beeinflussen und trifft auf kuriose Gestalten. Damit er sich im Universum nicht zu einsam f\u00fchlt, l\u00e4dt er regelm\u00e4\u00dfig verschiedene Begleiter auf sein Raumschiff ein, die mit ihm weiterreisen. Doch er hat auch Feinde, die gelegentlich seinen Weg kreuzen, ihm jedoch nichts anhaben k\u00f6nnen. Denn der `Doktor' besitzt die F\u00e4higkeit, sich komplett zu regenerieren.\r\n\r\nQuelle: Wikipedia\r\n\r\nBis S12E10\r\n"},"4":{"name":"[COLOR red]\u2022  [\/COLOR][COLOR white]Firefly[\/COLOR]","image":"https:\/\/wagasworld.com\/sites\/default\/files\/styles\/large\/public\/2021-01\/firefly.jpeg?itok=QF1aZ9Zx","link":"https:\/\/wagasworld.com\/kodi.php?channel=firefly","info":""},"5":{"name":"[COLOR red]\u2022  [\/COLOR][COLOR white]Kampfstern Galactica[\/COLOR]","image":"https:\/\/wagasworld.com\/sites\/default\/files\/styles\/large\/public\/2021-01\/galactica.jpg?itok=m5nKG0zf","link":"https:\/\/wagasworld.com\/kodi.php?channel=guldukat-galactica","info":""},"6":{"name":"[COLOR red]\u2022  [\/COLOR][COLOR white]Mission Erde[\/COLOR]","image":"https:\/\/wagasworld.com\/sites\/default\/files\/styles\/large\/public\/2021-01\/erde.jpg?itok=0DMWppxG","link":"https:\/\/wagasworld.com\/kodi.php?channel=guldukat-missionerde","info":"Auf der Erde landet die au\u00dferirdische Spezies `Taelons', die die Menschheit komplett ver\u00e4ndern m\u00f6chte. Doch nicht alle Erdenb\u00fcrger folgen blindlings den Versprechungen der sogenannten Companions: Eine Widerstandsbewegung glaubt den Taelons nicht.\r\n"},"7":{"name":"[COLOR red]\u2022  [\/COLOR][COLOR white]Mondbasis Alpha 1[\/COLOR]","image":"https:\/\/wagasworld.com\/sites\/default\/files\/styles\/large\/public\/2021-01\/833_0_MondbasisAlpha1.jpg?itok=raUeMCiR","link":"https:\/\/wagasworld.com\/kodi.php?channel=guldukat-mondbasis","info":"Im Jahr 1999 leben und arbeiten Wissenschaftler auf Mondbasen. John Koenig ist Kommandant der Basis `Alpha 1'. Eines Tages explodiert der Atomm\u00fcll und der Mond wird wie von einer riesigen Faust aus seiner Bahn geworfen. Seine Bewohner treiben im All.\r\n"},"8":{"name":"[COLOR red]\u2022  [\/COLOR][COLOR white]seaQuest DSV[\/COLOR]","image":"https:\/\/wagasworld.com\/sites\/default\/files\/styles\/large\/public\/2021-01\/seaquestdsv.jpg?itok=k84daP-O","link":"https:\/\/wagasworld.com\/kodi.php?channel=seaquestdsv","info":""},"9":{"name":"[COLOR red]\u2022  [\/COLOR][COLOR white]Star Trek Deep Space nine[\/COLOR]","image":"https:\/\/wagasworld.com\/sites\/default\/files\/styles\/large\/public\/2021-01\/deepspace9.jpg?itok=GUPkHWOY","link":"https:\/\/wagasworld.com\/kodi.php?channel=ds9","info":""},"10":{"name":"[COLOR red]\u2022  [\/COLOR][COLOR white]Star Trek Discovery[\/COLOR]","image":"https:\/\/wagasworld.com\/sites\/default\/files\/styles\/large\/public\/2021-01\/dsc-s01e03-rev-head.jpg?itok=uxJjP3mf","link":"https:\/\/wagasworld.com\/kodi.php?channel=guldukat-discovery","info":"Im Jahr 2256, 100 Jahre nach den Abenteuern von Captain Archer und zehn Jahre vor denen von Captain Kirk, erkundet die USS Discovery um Offizier Michael Burnham die unendlichen Welten und wird in einen interstellaren Krieg verwickelt.\r\n\r\nQuelle: Wikipedia\r\n\r\nbis Staffel 3&nbsp;Episode 13\r\n\r\n&nbsp;\r\n\r\n&nbsp;\r\n"},"11":{"name":"[COLOR red]\u2022  [\/COLOR][COLOR white]Star Trek NX01 Enterprise[\/COLOR]","image":"https:\/\/wagasworld.com\/sites\/default\/files\/styles\/large\/public\/2021-01\/23_StarTrek_Enterprise_NX01starship_wallpaper_xx.jpg?itok=RsmAvd-q","link":"https:\/\/wagasworld.com\/kodi.php?channel=guldukat-nextenterprise","info":"Mitte des 22. Jahrhunderts auf der Erde: Mit Hilfe der Vulkanier wird der erste Warp-Antrieb gebaut und damit ein Raumschiff, die Enterprise NX-01, mit dem Menschen den Weltraum erkunden k\u00f6nnen. Captain Archer hat nun drei Tage Zeit, um seine Crew zusammenzustellen und seine erste Mission vorzubereiten. Denn auf der Erde wurde ein Klingone gefunden, der schwer verletzt ist und schnellstm\u00f6glich in seine Heimat gebracht werden muss. W\u00e4hrend ihrer Raumfahrt erforscht die Besatzung die unendlichen Weiten des Weltalls und ebnet den Weg f\u00fcr einen interstellaren V\u00f6lkerbund. Dabei stehen dem Captain sein Hund Porthos, die vulkanische Wissenschaftsoffizierin T'Pol, der Chefingenieur Trip sowie der medizinische Offizier Dr. Phlox zur Seite.\r\n\r\nQuelle: Wikipedia\r\n"},"12":{"name":"[COLOR red]\u2022  [\/COLOR][COLOR white]Star Trek TNG[\/COLOR]","image":"https:\/\/wagasworld.com\/sites\/default\/files\/styles\/large\/public\/2021-01\/USS_Enterprise_NCC-1701-D.jpg?itok=IaZb36DT","link":"https:\/\/wagasworld.com\/kodi.php?channel=next-generation","info":"Unter dem Kommando von Captain Jean-Luc Picard ist die USS Enterprise-D im Auftrag der F\u00f6deration unterwegs, auf der Suche nach neuen Welten und fremden Zivilisationen. Die Besatzung umfasst \u00fcber 1000 M\u00e4nner und Frauen, darunter unter anderem der erste Offizier Commander William T. Riker, der blinde&nbsp;Commander Geordi LaForge, der Android Lieutenant Commander Data, der gerne ein Mensch w\u00e4re und immer mehr menschliche Z\u00fcge entwickelt, Lieutenant Worf vom kriegerischen Volk der Klingonen, Schiffs\u00e4rztin Commander Dr. Beverly Crusher sowie psychologische Beraterin Lieutenant Commander Deanna Troi.\r\n\r\nQuelle: Wikipedia\r\n"},"13":{"name":"[COLOR red]\u2022  [\/COLOR][COLOR white]Star Trek TOS[\/COLOR]","image":"https:\/\/wagasworld.com\/sites\/default\/files\/styles\/large\/public\/2021-01\/enterprise%201701.jpg?itok=UmfCeBUY","link":"https:\/\/wagasworld.com\/kodi.php?channel=guldukat-startrek","info":"Im 23. Jahrhundert lebt die Menschheit in friedlicher Koexistenz mit au\u00dferirdischen Lebensformen. Unter der Leitung von Captain Kirk erkundet das Raumschiff Enterprise fremde Planeten und Galaxien. Dabei erlebt die Crew fantastische Abenteuer.\r\n"},"14":{"name":"[COLOR red]\u2022  [\/COLOR][COLOR white]Star Trek Voyager[\/COLOR]","image":"https:\/\/wagasworld.com\/sites\/default\/files\/styles\/large\/public\/2021-01\/startrekvoyager.jpg?itok=5gdfWRcB","link":"https:\/\/wagasworld.com\/kodi.php?channel=voyager","info":""},"15":{"name":"[COLOR red]\u2022  [\/COLOR][COLOR white]Stargate Atlantis[\/COLOR]","image":"https:\/\/wagasworld.com\/sites\/default\/files\/styles\/large\/public\/2021-01\/stargateatlantis.jpg?itok=GxsNM_tn","link":"https:\/\/wagasworld.com\/kodi.php?channel=stargate-atlantis","info":""},"16":{"name":"[COLOR red]\u2022  [\/COLOR][COLOR white]Stargate SG1[\/COLOR]","image":"https:\/\/wagasworld.com\/sites\/default\/files\/styles\/large\/public\/2021-01\/stargatesg1.jpg?itok=sPt-TFK9","link":"https:\/\/wagasworld.com\/kodi.php?channel=stargate","info":""},"17":{"name":"[COLOR red]\u2022  [\/COLOR][COLOR white]Stargate Universe[\/COLOR]","image":"https:\/\/wagasworld.com\/sites\/default\/files\/styles\/large\/public\/2021-01\/stargate_universe-tv-31.jpg?itok=Y_ECHfgu","link":"https:\/\/wagasworld.com\/kodi.php?channel=stargate-universe","info":""},"18":{"name":"[COLOR red]\u2022  [\/COLOR][COLOR white]The Orville[\/COLOR]","image":"https:\/\/wagasworld.com\/sites\/default\/files\/styles\/large\/public\/2021-01\/the%20orville.jpg?itok=3Xi7gBQO","link":"https:\/\/wagasworld.com\/kodi.php?channel=theorville","info":"Im 25. Jahrhundert ist das Forschungsraumschiff Orville in den Weiten des Weltalls unterwegs. Die bunt gemischte Crew aus Menschen und Aliens steht unter dem Kommando von Kapit\u00e4n Ed Mercer und steht auch im All den Problemen des Alltags gegen\u00fcber.\r\n"},"19":{"name":"[COLOR red]\u2022  [\/COLOR][COLOR white]TheFlash[\/COLOR]","image":"https:\/\/wagasworld.com\/sites\/default\/files\/styles\/large\/public\/2021-01\/the-flash_0.jpg?itok=wgJ40XCg","link":"https:\/\/wagasworld.com\/kodi.php?channel=TheFlash","info":""},"20":{"name":"[COLOR red]\u2022  [\/COLOR][COLOR white]U.F.O.[\/COLOR]","image":"https:\/\/wagasworld.com\/sites\/default\/files\/styles\/large\/public\/2021-01\/ufoserie.jpg?itok=zhk48e2Z","link":"https:\/\/wagasworld.com\/kodi.php?channel=guldukat-ufo","info":"Die Geheimorganisation SHADO wird nach mehrfachen Entf\u00fchrungen durch Au\u00dferirdische ins Leben gerufen. Sie k\u00e4mpft von ihrem Versteck in einem getarnten Fernsehstudio aus gegen die au\u00dferirdische Bedrohung.\r\n"},"21":{"name":"[COLOR red]\u2022  [\/COLOR][COLOR white]V-Die Au\u00dferirdischen[\/COLOR]","image":"https:\/\/wagasworld.com\/sites\/default\/files\/styles\/large\/public\/2021-01\/v%20die%20au%C3%9Ferirdischen.jpg?itok=sKmYQrmi","link":"https:\/\/wagasworld.com\/kodi.php?channel=guldukat-vdieausserirdischen","info":"alte und neue Folgen\r\n"},"22":{"name":"[COLOR red]\u2022  [\/COLOR][COLOR white]Star Trek Short Treks[\/COLOR]","image":"https:\/\/wagasworld.com\/sites\/default\/files\/styles\/large\/public\/2021-01\/shorttreks.png?itok=3OdLcSNU","link":"https:\/\/wagasworld.com\/kodi.php?channel=star-trek-short-treks","info":"Star Trek: Short Treks ist eine US-amerikanische Science-Fiction-Fernsehserie, die im fiktiven Star-Trek-Universum spielt. Die Serie ist als Anthologie-Serie konzipiert und besteht aus Episoden in Kurzfilm-L\u00e4nge. Die Episoden greifen Personen oder Orte aus den Serien Star Trek: Discovery, Raumschiff Enterprise und Star Trek: Picard auf. Die meisten Folgen sind Realfilm-Folgen, zwei sind animiert.\r\n\r\nab Episode 5 in Englisch mit Deutschen Untertiteln\r\n"},"category_name":"SciFi","image":"http:\/\/absolut-kodi.com\/WagaKodi\/pic\/scifi1.jpg","info":"SciFi rund um die Uhr, nicht alle sind 24\/7 online."},{"0":{"name":"[COLOR red]\u2022  [\/COLOR][COLOR white]M*A*S*H[\/COLOR]","image":"https:\/\/wagasworld.com\/sites\/default\/files\/styles\/large\/public\/2021-01\/mash_0_0.jpg?itok=JBEryUh_","link":"https:\/\/wagasworld.com\/kodi.php?channel=mash","info":"Im Mittelpunkt der Serie stehen zwei&nbsp;Chirurgen, die insbesondere durch ihre sarkastische Einstellung zum Krieg und zur Handlungsweise des Milit\u00e4rs sowie entsprechende Spr\u00fcche die Antikriegshaltung der Serie herausstellen.\r\n\r\nMASH - 001 - Mobiles Armee Schirurgie Hospital.avi\r\nMASH - 002 - Angebot Nachfrage und Prestige.avi\r\nMASH - 003 - David und Goliath in Korea.avi\r\nMASH - 004 - Das total verr\u00fcckte Feldlazarett.avi\r\nMASH - 005 - \u00dcber alles geliebte Sklavin.avi\r\nMASH - 006 - Kennen Sie Chirurgen in Uniform.avi\r\nMASH - 007 - Hilfe einen Psychiater bitte.avi\r\nMASH - 008 - Mein lieber lieber John.avi\r\nMASH - 009 - Ach Henry komm doch wieder.avi\r\nMASH - 010 - Der Dieb will nur das Beste.avi\r\nMASH - 011 - Eine richtige sch\u00f6ne Gelbsucht.avi\r\nMASH - 012 - Lieber Papa mir geht es gut.avi\r\nMASH - 013 - Ein Aufstand f\u00fcr Edwina.avi\r\nMASH - 014 - Noch so eine Liebesgeschichte.avi\r\nMASH - 015 - Nun dankt alle Tuttle.avi\r\nMASH - 016 - Nur Leben in die Bude.avi\r\nMASH - 017 - H\u00f6rst du die Kugel.avi\r\nMASH - 018 - Und alles Splitternackt.avi\r\nMASH - 019 - Jeder friert f\u00fcr sich alleine.avi\r\nMASH - 020 - Ein Bling\u00e4nger hats in sich.avi\r\nMASH - 021 - Hier bitte mal absaugen.avi\r\nMASH - 022 - Gier Angst und noch mal Gier.avi\r\nMASH - 023 - Unter der Hand gesagt.avi\r\nMASH - 024 - F\u00fcr Manches nicht gut genug.avi\r\n\r\nMASH - 025 - Zerstritten stehen wir zusammen.avi\r\nMASH - 026 - Das ist F\u00fcnf-Uhr-Charlie.avi\r\nMASH - 027 - Der w\u00f6chentliche Radarbericht.avi\r\nMASH - 028 - Das Ding mit Tai-Dong.avi\r\nMASH - 029 - Zur lustigen Latrine.avi\r\nMASH - 030 - Alle lieben Kim.avi\r\nMASH - 031 - Immer einen Schritt voraus.avi\r\nMASH - 032 - Wirklich Katastrophale Zust\u00e4nde.avi\r\nMASH - 033 - Blut hat nur eine Farbe.avi\r\nMASH - 034 - Die unter Beschu\u00df liegen.avi\r\nMASH - 035 - Schwester Freund und prima Kerl.avi\r\nMASH - 036 - Sie brauchen einen Inkubator.avi\r\nMASH - 037 - Sex Spiele und Anderes.avi\r\nMASH - 038 - Hot Lips in Hochform.avi\r\nMASH - 039 - Aber nur f\u00fcr Offiziere.avi\r\nMASH - 040 - Aff\u00e4re Nancy und Henry.avi\r\nMASH - 041 - Alles f\u00fcr ein paar Stiefel.avi\r\nMASH - 042 - Er hat die gr\u00f6\u00dfte Nase.avi\r\nMASH - 043 - Andere Leute sind auch Menschen.avi\r\nMASH - 044 - Spenden macht schwindelig.avi\r\nMASH - 045 - Alle unter einer Decke.avi\r\nMASH - 046 - Der werfe den ersten Stein.avi\r\nMASH - 047 - Der Radar von der Post.avi\r\nMASH - 048 - Der gemeinsame Geheimdienst.avi\r\n\r\nMASH - 049 - Bauch rein Brust raus.avi\r\nMASH - 050 - Meuterei im Billigfilm.avi\r\nMASH - 051 - Muttertag in Seoul.avi\r\nMASH - 052 - Im Einsatz an der Front.avi\r\nMASH - 053 - Ernst aber nicht Hoffnungslos.avi\r\nMASH - 054 - Fr\u00fchling allerorten.avi\r\nMASH - 055 - Die Routineuntersuchung.avi\r\nMASH - 056 - Das ist unerlaubte Chirurgie.avi\r\nMASH - 057 - Alkoholiker nicht Anonym.avi\r\nMASH - 058 - Nichts gegen Schwestern.avi\r\nMASH - 059 - Rippchen aus Chicago.avi\r\nMASH - 060 - Der Soldat und sein Hymne.avi\r\nMASH - 061 - Die richtige Behandlung.avi\r\nMASH - 062 - Freiheit f\u00fcr das Osterl\u00e4mmchen.avi\r\nMASH - 063 - Bombardiert und Ausgeflippt.avi\r\nMASH - 064 - Ab und zu ausflippen.avi\r\nMASH - 065 - Seine erste Transplantation.avi\r\nMASH - 066 - Kriegsgericht und Hausarrest.avi\r\nMASH - 067 - Mein Lieblingsoffizier.avi\r\nMASH - 068 - Eine ganz nat\u00fcrliche Sache.avi\r\nMASH - 069 - Die ganz besondere Ehre.avi\r\nMASH - 070 - Und wieder Zahltag.avi\r\nMASH - 071 - Penicilin und Folter.avi\r\nMASH - 072 - Die letzte Party Henry.avi\r\n\r\nMASH - 073 - Trapper ist weg.avi\r\nMASH - 074 - Ich bin Colonel Potter.avi\r\nMASH - 075 - Guter Schu\u00df Margaret.avi\r\nMASH - 076 - Tote l\u00fcgen nie.avi\r\nMASH - 077 - Kimbles Koreanisches Cafe.avi\r\nMASH - 078 - Frank und der Feind.avi\r\nMASH - 079 - Meine liebste Mildred.avi\r\nMASH - 080 - Kaiserschnitt und Orden.avi\r\nMASH - 081 - Quo Vadis Chandler.avi\r\nMASH - 082 - Dieses Briefeschreiben.avi\r\nMASH - 083 - Die Einheimischen abtasten.avi\r\nMASH - 084 - Soldat des Monats.avi\r\nMASH - 085 - Ein altes sch\u00f6nes St\u00fcck.avi\r\nMASH - 086 - Heimatgeschichten.avi\r\nMASH - 087 - Verr\u00fcckt nach Tomatensaft.avi\r\nMASH - 088 - Hurra wir sind noch da.avi\r\nMASH - 089 - Die Laster des Frank B.avi\r\nMASH - 090 - Hawkeyes Gehirnersch\u00fctterung.avi\r\nMASH - 091 - Sein Hobby M\u00fcll.avi\r\nMASH - 092 - Meuterei am Schlangenflu\u00df.avi\r\nMASH - 093 - Der ewig l\u00e4chelnde Jack.avi\r\nMASH - 094 - Das letzte Wiedersehen.avi\r\nMASH - 095 - Die Chinesen kommen.avi\r\nMASH - 096 - Das Interview der Woche.avi\r\n\r\nMASH - 073 - Trapper ist weg.avi\r\nMASH - 074 - Ich bin Colonel Potter.avi\r\nMASH - 075 - Guter Schu\u00df Margaret.avi\r\nMASH - 076 - Tote l\u00fcgen nie.avi\r\nMASH - 077 - Kimbles Koreanisches Cafe.avi\r\nMASH - 078 - Frank und der Feind.avi\r\nMASH - 079 - Meine liebste Mildred.avi\r\nMASH - 080 - Kaiserschnitt und Orden.avi\r\nMASH - 081 - Quo Vadis Chandler.avi\r\nMASH - 082 - Dieses Briefeschreiben.avi\r\nMASH - 083 - Die Einheimischen abtasten.avi\r\nMASH - 084 - Soldat des Monats.avi\r\nMASH - 085 - Ein altes sch\u00f6nes St\u00fcck.avi\r\nMASH - 086 - Heimatgeschichten.avi\r\nMASH - 087 - Verr\u00fcckt nach Tomatensaft.avi\r\nMASH - 088 - Hurra wir sind noch da.avi\r\nMASH - 089 - Die Laster des Frank B.avi\r\nMASH - 090 - Hawkeyes Gehirnersch\u00fctterung.avi\r\nMASH - 091 - Sein Hobby M\u00fcll.avi\r\nMASH - 092 - Meuterei am Schlangenflu\u00df.avi\r\nMASH - 093 - Der ewig l\u00e4chelnde Jack.avi\r\nMASH - 094 - Das letzte Wiedersehen.avi\r\nMASH - 095 - Die Chinesen kommen.avi\r\nMASH - 096 - Das Interview der Woche.avi\r\n\r\nMASH - 073 - Trapper ist weg.avi\r\nMASH - 074 - Ich bin Colonel Potter.avi\r\nMASH - 075 - Guter Schu\u00df Margaret.avi\r\nMASH - 076 - Tote l\u00fcgen nie.avi\r\nMASH - 077 - Kimbles Koreanisches Cafe.avi\r\nMASH - 078 - Frank und der Feind.avi\r\nMASH - 079 - Meine liebste Mildred.avi\r\nMASH - 080 - Kaiserschnitt und Orden.avi\r\nMASH - 081 - Quo Vadis Chandler.avi\r\nMASH - 082 - Dieses Briefeschreiben.avi\r\nMASH - 083 - Die Einheimischen abtasten.avi\r\nMASH - 084 - Soldat des Monats.avi\r\nMASH - 085 - Ein altes sch\u00f6nes St\u00fcck.avi\r\nMASH - 086 - Heimatgeschichten.avi\r\nMASH - 087 - Verr\u00fcckt nach Tomatensaft.avi\r\nMASH - 088 - Hurra wir sind noch da.avi\r\nMASH - 089 - Die Laster des Frank B.avi\r\nMASH - 090 - Hawkeyes Gehirnersch\u00fctterung.avi\r\nMASH - 091 - Sein Hobby M\u00fcll.avi\r\nMASH - 092 - Meuterei am Schlangenflu\u00df.avi\r\nMASH - 093 - Der ewig l\u00e4chelnde Jack.avi\r\nMASH - 094 - Das letzte Wiedersehen.avi\r\nMASH - 095 - Die Chinesen kommen.avi\r\nMASH - 096 - Das Interview der Woche.avi\r\n\r\nMASH - 073 - Trapper ist weg.avi\r\nMASH - 074 - Ich bin Colonel Potter.avi\r\nMASH - 075 - Guter Schu\u00df Margaret.avi\r\nMASH - 076 - Tote l\u00fcgen nie.avi\r\nMASH - 077 - Kimbles Koreanisches Cafe.avi\r\nMASH - 078 - Frank und der Feind.avi\r\nMASH - 079 - Meine liebste Mildred.avi\r\nMASH - 080 - Kaiserschnitt und Orden.avi\r\nMASH - 081 - Quo Vadis Chandler.avi\r\nMASH - 082 - Dieses Briefeschreiben.avi\r\nMASH - 083 - Die Einheimischen abtasten.avi\r\nMASH - 084 - Soldat des Monats.avi\r\nMASH - 085 - Ein altes sch\u00f6nes St\u00fcck.avi\r\nMASH - 086 - Heimatgeschichten.avi\r\nMASH - 087 - Verr\u00fcckt nach Tomatensaft.avi\r\nMASH - 088 - Hurra wir sind noch da.avi\r\nMASH - 089 - Die Laster des Frank B.avi\r\nMASH - 090 - Hawkeyes Gehirnersch\u00fctterung.avi\r\nMASH - 091 - Sein Hobby M\u00fcll.avi\r\nMASH - 092 - Meuterei am Schlangenflu\u00df.avi\r\nMASH - 093 - Der ewig l\u00e4chelnde Jack.avi\r\nMASH - 094 - Das letzte Wiedersehen.avi\r\nMASH - 095 - Die Chinesen kommen.avi\r\nMASH - 096 - Das Interview der Woche.avi\r\n\r\nMASH - 097 - Feind im Anmarsch.avi\r\nMASH - 098 - HotLips verlobt sich.avi\r\nMASH - 099 - Vorsicht meine Augen.avi\r\nMASH - 100 - Mein Gott Lieutenant.avi\r\nMASH - 101 - Unsere guten Schwestern.avi\r\nMASH - 102 - Sie bekommt ein Kind.avi\r\nMASH - 103 - Lieber Sigmund.avi\r\nMASH - 104 - Die Bew\u00e4hrungsprobe.avi\r\nMASH - 105 - Dr Paik tut mir Leid.avi\r\nMASH - 106 - Stirb oder ich schie\u00dfe.avi\r\nMASH - 107 - Das Pferd des Colonels.avi\r\nMASH - 108 - Alles \u00fcber Aberglauben.avi\r\nMASH - 109 - Der Schlafwandler.avi\r\nMASH - 110 - Am\u00fcsante Anekdoten.avi\r\nMASH - 111 - In Teufels K\u00fcche.avi\r\nMASH - 112 - Kriminelle Dummheit.avi\r\nMASH - 113 - Viel Gl\u00fcck Billy.avi\r\nMASH - 114 - Allzu Menschliches.avi\r\nMASH - 115 - Es sieht B\u00f6se aus.avi\r\nMASH - 116 - Leibarzt gesucht.avi\r\nMASH - 117 - Wenn der Film rei\u00dft.avi\r\nMASH - 118 - Verdammte Souvenirs.avi\r\nMASH - 119 - Allgemeiner Notstand.avi\r\nMASH - 120 - Margarets Hochzeit.avi\r\n\r\nMASH - 121 - Frank ist frei.avi\r\nMASH - 122 - Ein Orden f\u00fcr Radar.avi\r\nMASH - 123 - Wer zuletzt lacht.avi\r\nMASH - 124 - Infantiler Wahnsinn.avi\r\nMASH - 125 - Die Winchester-Tonb\u00e4nder.avi\r\nMASH - 126 - Und der M\u00f6rder ist.avi\r\nMASH - 127 - Liebe im Krieg.avi\r\nMASH - 128 - Bei Geld h\u00f6rts auf.avi\r\nMASH - 129 - T\u00e4towierung ala Radar.avi\r\nMASH - 130 - Die eigene Olympiade.avi\r\nMASH - 131 - Was Feingef\u00fchl bewirkt.avi\r\nMASH - 132 - Die beiden Abenteurer.avi\r\nMASH - 133 - Immer nur l\u00e4cheln.avi\r\nMASH - 134 - Der Kaufmann von Korea.avi\r\nMASH - 135 - Mit erhobener Nase.avi\r\nMASH - 136 - Not macht erfinderisch.avi\r\nMASH - 137 - Jeder hat seine Methode.avi\r\nMASH - 138 - Musik ist Medizin.avi\r\nMASH - 139 - Der Schwangerschaftstest.avi\r\nMASH - 140 - Schwere Familienkrisen.avi\r\nMASH - 141 - Gib Gas Sophie.avi\r\nMASH - 142 - Potters R\u00fcckzug.avi\r\nMASH - 143 - Die schnellste Maus Koreas.avi\r\nMASH - 144 - Eine alte List.avi\r\n\r\nMASH - 145 - Die Kommandantenso\u00dfe.avi\r\nMASH - 146 - Alles nur Nullen.avi\r\nMASH - 147 - Eine letzte Liebe.avi\r\nMASH - 148 - Unser Bestes.avi\r\nMASH - 149 - Hilfe durch Hypnose.avi\r\nMASH - 150 - Alle m\u00f6gens k\u00fchl.avi\r\nMASH - 151 - In vornehmen Kreisen.avi\r\nMASH - 152 - Held des fernen Ostens.avi\r\nMASH - 153 - Klingers K\u00e4lteschock.avi\r\nMASH - 154 - Genug des Irrsinns.avi\r\nMASH - 155 - Der hilfreiche Spion.avi\r\nMASH - 156 - Des Ganoven Ehrenwort.avi\r\nMASH - 157 - Nektar der Rache.avi\r\nMASH - 158 - Es geschehen Wunder.avi\r\nMASH - 159 - Merkw\u00fcrdige Patienten.avi\r\nMASH - 160 - Inga gibt zu denken.avi\r\nMASH - 161 - Dein Pferd und du.avi\r\nMASH - 162 - Ernies Pizza Inferno.avi\r\nMASH - 163 - Radar hat ein M\u00e4dchen.avi\r\nMASH - 164 - Die mutigen Helden.avi\r\nMASH - 165 - Spionagering enttarnt.avi\r\nMASH - 166 - Der rettende Blinddarm.avi\r\nMASH - 167 - Eine Nacht in Rosieland.avi\r\nMASH - 168 - Varianten der Liebe.avi\r\nMASH - 169 - Ein gigantisches Fest.avi\r\n\r\nMASH - 170 - Ehe- und Gaumenfreuden.avi\r\nMASH - 171 - Die rote Gefahr.avi\r\nMASH - 172 - Zu allem bereit.avi\r\nMASH - 173 - Leb wohl Radar 1.avi\r\nMASH - 174 - Leb wohl Radar 2.avi\r\nMASH - 175 - Krank vor Heimweh.avi\r\nMASH - 176 - Es war der Priester.avi\r\nMASH - 177 - Wundersame Wege.avi\r\nMASH - 178 - Wer Was Wann Wo.avi\r\nMASH - 179 - Wars der Truthan.avi\r\nMASH - 180 - Um Leben und Tod.avi\r\nMASH - 181 - Machen Sie Witze.avi\r\nMASH - 182 - Bescheidenheit ist wenn....avi\r\nMASH - 183 - Solo oder Team.avi\r\nMASH - 184 - Wohin mit dem Baby.avi\r\nMASH - 185 - Gin Scotch und Cognac.avi\r\nMASH - 186 - Heile dich selbst.avi\r\nMASH - 187 - Alte Kameraden.avi\r\nMASH - 188 - Hebt die Moral.avi\r\nMASH - 189 - Siamesische Chirurgen.avi\r\nMASH - 190 - Alibabas Freudenhaus.avi\r\nMASH - 191 - Schlafen und Tr\u00e4umen.avi\r\nMASH - 192 - Held und Heldin.avi\r\nMASH - 193 - Soll und Nichthaben.avi\r\nMASH - 194 - April macht was er will.avi\r\n\r\nMASH - 195 - Feind spielt mit.avi\r\nMASH - 196 - Kleine Brieffreunde.avi\r\nMASH - 197 - Bakterien und Beton.avi\r\nMASH - 198 - Die nackte Kuh.avi\r\nMASH - 199 - Man lebt-Man ist tot.avi\r\nMASH - 200 - Notieren Sie Max.avi\r\nMASH - 201 - Auf die Army.avi\r\nMASH - 202 - Ein g\u00f6ttlicher Segen.avi\r\nMASH - 203 - Der gro\u00dfe Reinfall.avi\r\nMASH - 204 - Operation Freundschaft.avi\r\nMASH - 205 - Bei Hitze nicht schlafen.avi\r\nMASH - 206 - K\u00fchne Tr\u00e4ume.avi\r\nMASH - 207 - Doch nicht prostituieren.avi\r\nMASH - 208 - Harmonika und Hochzeitstag.avi\r\nMASH - 209 - Zuviel des Guten.avi\r\nMASH - 210 - Mit unangenehmer Wirkung.avi\r\nMASH - 211 - Gesundheit Hawkeye.avi\r\nMASH - 212 - Weiter so Hochw\u00fcrden.avi\r\nMASH - 213 - Ein fabelhafter Gedanke.avi\r\nMASH - 214 - Die h\u00e4rteste Realit\u00e4t.avi\r\n\r\nMASH - 215 - Die Showbiz-Leute.avi\r\nMASH - 216 - L\u00fcge und Betrug.avi\r\nMASH - 217 - Ger\u00fcchte ufern aus.avi\r\nMASH - 218 - Lieber Harry Truman.avi\r\nMASH - 219 - Es ist Pokerzeit.avi\r\nMASH - 220 - Der wilde Streik.avi\r\nMASH - 221 - Eine Welle des Verbrechens (1).avi\r\nMASH - 222 - Eine Welle des Verbrechens (2).avi\r\nMASH - 223 - Diener und Herren.avi\r\nMASH - 224 - Niemand wei\u00df wohin.avi\r\nMASH - 225 - Die Geburtstagskinder.avi\r\nMASH - 226 - Der Krieg ruft.avi\r\nMASH - 227 - S\u00fcnder sucht Zuflucht.avi\r\nMASH - 228 - Der Zahn mu\u00df rau\u00df.avi\r\nMASH - 229 - Die Ruhe in Person.avi\r\nMASH - 230 - Hawks letzter Wille.avi\r\nMASH - 231 - Im Namen der M\u00e4nnlichkeit.avi\r\nMASH - 232 - Ein jeder ein Held.avi\r\nMASH - 233 - Das blaue Wunder.avi\r\nMASH - 234 - Sumpfratten unter sich.avi\r\nMASH - 235 - Die bl\u00f6de Ziegenstory.avi\r\n\r\nMASH - 236 - Das kostbare Mauerbl\u00fcmchen.avi\r\nMASH - 237 - \u00dcberirdische Geschichten.avi\r\nMASH - 238 - Ein Schu\u00df Propaganda.avi\r\nMASH - 239 - Flair Stil und Fantasie.avi\r\nMASH - 240 - Nur der Himmel wei\u00df.avi\r\nMASH - 241 - Die Monroe kommt.avi\r\nMASH - 242 - Mildreds Handschrift.avi\r\nMASH - 243 - Klinger nimmt die Pille.avi\r\nMASH - 244 - Das Rennen des Jahres.avi\r\nMASH - 245 - H\u00f6herer Besuch.avi\r\nMASH - 246 - Vulg\u00e4re Gewohnheiten.avi\r\nMASH - 247 - Zuwenig der Worte.avi\r\nMASH - 248 - Wozu hat man denn Freunde.avi\r\nMASH - 249 - Bestechung und Erpressung.avi\r\nMASH - 250 - Die Zeitkapsel.avi\r\nMASH - 251 - Machs gut, leb wohl und Amen.avi\r\n\r\n&nbsp;\r\n\r\n&nbsp;\r\n\r\n&nbsp;\r\n\r\n&nbsp;\r\n\r\n&nbsp;\r\n\r\n&nbsp;\r\n\r\n&nbsp;\r\n\r\n&nbsp;\r\n\r\n&nbsp;\r\n\r\n&nbsp;\r\n\r\n&nbsp;\r\n\r\n&nbsp;\r\n\r\n&nbsp;\r\n\r\n&nbsp;\r\n"},"category_name":"Med\/Drama","image":"http:\/\/absolut-kodi.com\/WagaKodi\/pic\/dramamed.jpg","info":"Streams rund um die Uhr, nicht alle sind 24\/7 online."},{"0":{"name":"[COLOR red]\u2022  [\/COLOR][COLOR white]BurnNotice[\/COLOR]","image":"https:\/\/wagasworld.com\/sites\/default\/files\/styles\/large\/public\/2021-01\/burnnotice.jpg?itok=4QXuQx7U","link":"https:\/\/wagasworld.com\/kodi.php?channel=Burn.Notice","info":""},"1":{"name":"[COLOR red]\u2022  [\/COLOR][COLOR white]A-Team[\/COLOR]","image":"https:\/\/wagasworld.com\/sites\/default\/files\/styles\/large\/public\/2021-01\/ateam.5401786.jpg?itok=-xEjFI7l","link":"https:\/\/wagasworld.com\/kodi.php?channel=guldukat-ateam","info":""},"2":{"name":"[COLOR red]\u2022  [\/COLOR][COLOR white]CSI Miami[\/COLOR]","image":"https:\/\/wagasworld.com\/sites\/default\/files\/styles\/large\/public\/2021-01\/Csimiami.jpg?itok=qqqQWMRx","link":"https:\/\/wagasworld.com\/kodi.php?channel=csimiami","info":""},"3":{"name":"[COLOR red]\u2022  [\/COLOR][COLOR white]Der Sentinel[\/COLOR]","image":"https:\/\/wagasworld.com\/sites\/default\/files\/styles\/large\/public\/2021-01\/sentinel.png?itok=A7-IFAdD","link":"https:\/\/wagasworld.com\/kodi.php?channel=Der.Sentinel","info":""},"4":{"name":"[COLOR red]\u2022  [\/COLOR][COLOR white]Hawaii Five-0[\/COLOR]","image":"https:\/\/wagasworld.com\/sites\/default\/files\/styles\/large\/public\/2021-01\/hawaii_five_0.jpg?itok=4hQit7Wk","link":"https:\/\/wagasworld.com\/kodi.php?channel=hawaiifive","info":"bis Staffel 5 Episode 1. Rest folgt.\r\n"},"5":{"name":"[COLOR red]\u2022  [\/COLOR][COLOR white]Knight Rider[\/COLOR]","image":"https:\/\/wagasworld.com\/sites\/default\/files\/styles\/large\/public\/2021-01\/Knight-Rider-Universal-Pictures-Home-Entertainment.jpg?itok=GgPVLoDo","link":"https:\/\/wagasworld.com\/kodi.php?channel=guldukat-knightrider","info":""},"6":{"name":"[COLOR red]\u2022  [\/COLOR][COLOR white]MacGyver[\/COLOR]","image":"https:\/\/wagasworld.com\/sites\/default\/files\/styles\/large\/public\/2021-01\/97234.jpg?itok=R9crj7zO","link":"https:\/\/wagasworld.com\/kodi.php?channel=macgyver","info":""},"7":{"name":"[COLOR red]\u2022  [\/COLOR][COLOR white]MiamiVice[\/COLOR]","image":"https:\/\/wagasworld.com\/sites\/default\/files\/styles\/large\/public\/2021-01\/wp2429570.jpg?itok=BFIWsXr9","link":"https:\/\/wagasworld.com\/kodi.php?channel=Miami.Vice","info":""},"8":{"name":"[COLOR red]\u2022  [\/COLOR][COLOR white]Monk[\/COLOR]","image":"https:\/\/wagasworld.com\/sites\/default\/files\/styles\/large\/public\/2021-01\/monk-show.jpg?itok=zVr3xshg","link":"https:\/\/wagasworld.com\/kodi.php?channel=guldukat-monk","info":"Der Kriminalbeamte Adrian Monk wurde aufgrund seiner besonderen F\u00e4higkeiten in seinem Beruf schnell eine kleine Ber\u00fchmtheit. Er hat ein fotografisches Ged\u00e4chtnis und kann selbst aus kleinsten Hinweisen eine Spur basteln. Seit dem Tod seiner geliebten Frau Trudy durch einen mysteri\u00f6sen Anschlag leidet er jedoch unter starken \u00c4ngsten und Zwangsst\u00f6rungen, was zu seiner Suspendierung vom Dienst beim San Fransisco Police Department f\u00fchrt. Nachdem er sich daraufhin drei Jahre lang in seiner Wohnung eingesperrt hat, macht er sich schlie\u00dflich als Privatdetektiv selbstst\u00e4ndig und wird von der Polizei immer wieder um Unterst\u00fctzung gebeten. Mit der Hilfe seines ehemaligen Chefs Captain Leland Stottlemeyer sowie seiner pers\u00f6nlicher Assistentin Sharona Fleming l\u00f6st Monk seitdem die Kriminalf\u00e4lle, die sonst niemand l\u00f6sen kann.\r\n\r\nQuelle: Wikipedia\r\n"},"9":{"name":"[COLOR red]\u2022  [\/COLOR][COLOR white]NCIS[\/COLOR]","image":"https:\/\/wagasworld.com\/sites\/default\/files\/styles\/large\/public\/2021-01\/ncis_367x208.jpg?itok=NBo_ZSYw","link":"https:\/\/wagasworld.com\/kodi.php?channel=ncis-neu","info":"Bis Staffel &nbsp;17 Episode 20\r\n"},"10":{"name":"[COLOR red]\u2022  [\/COLOR][COLOR white]NCIS Los Angeles[\/COLOR]","image":"https:\/\/wagasworld.com\/sites\/default\/files\/styles\/large\/public\/2021-01\/ncis%20la.jpg?itok=waH2PuIj","link":"https:\/\/wagasworld.com\/kodi.php?channel=ncis-la","info":"Die Spezialeinheit der Navy CIS L.A. ist bei F\u00e4llen der nationalen Sicherheit der Vereinigten Staaten Amerikas im Einsatz. Die hervorragend ausgebildeten Profis geben bei den gef\u00e4hrlichen Undercovereins\u00e4tzen ihr Bestes.\r\n\r\n&nbsp;\r\n\r\nbis Staffel 11&nbsp;Episode 22\r\n"},"11":{"name":"[COLOR red]\u2022  [\/COLOR][COLOR white]NCIS New Orleans[\/COLOR]","image":"https:\/\/wagasworld.com\/sites\/default\/files\/styles\/large\/public\/2021-01\/NCIS-New-Orleans-Season-3-Seeking-Hispanic-Men.jpg?itok=J9J8mQ3Y","link":"https:\/\/wagasworld.com\/kodi.php?channel=ncis-no","info":"Navy CIS: New Orleans ist eine US-amerikanische Krimiserie, die von dem Ermittlerteam der in New Orleans ans\u00e4ssigen Au\u00dfenstelle des Naval Criminal Investigative Service handelt.\r\n\r\n&nbsp;\r\n\r\nbis Staffel 5 Episode 15\r\n"},"12":{"name":"[COLOR red]\u2022  [\/COLOR][COLOR white]Trio.mit.vier.Faeusten[\/COLOR]","image":"https:\/\/wagasworld.com\/sites\/default\/files\/styles\/large\/public\/2021-01\/trio4faeuste.jpg?itok=-QCi-szK","link":"https:\/\/wagasworld.com\/kodi.php?channel=Trio.mit.vier.Faeusten","info":""},"category_name":"Crime","image":"http:\/\/absolut-kodi.com\/WagaKodi\/pic\/crime1.jpg","info":"Serien rund um die Uhr, nicht alle sind 24\/7 online."},{"0":{"name":"[COLOR red]\u2022  [\/COLOR][COLOR white]Mythbusters[\/COLOR]","image":"https:\/\/wagasworld.com\/sites\/default\/files\/styles\/large\/public\/2021-01\/watch-mythbusters.jpg?itok=0rwpoV_8","link":"https:\/\/wagasworld.com\/kodi.php?channel=guldukat-mythbusters","info":""},"1":{"name":"[COLOR red]\u2022  [\/COLOR][COLOR white]72 Stunden im Geisterhaus[\/COLOR]","image":"https:\/\/wagasworld.com\/sites\/default\/files\/styles\/large\/public\/2021-01\/72stunden.jpg?itok=PhH7aZeI","link":"https:\/\/wagasworld.com\/kodi.php?channel=guldukat-72stunden","info":""},"2":{"name":"[COLOR red]\u2022  [\/COLOR][COLOR white]Auction Hunter[\/COLOR]","image":"https:\/\/wagasworld.com\/sites\/default\/files\/styles\/large\/public\/2021-01\/auctionhunters.jpg?itok=lg7vhISr","link":"https:\/\/wagasworld.com\/kodi.php?channel=auctiohunter","info":""},"3":{"name":"[COLOR red]\u2022  [\/COLOR][COLOR white]BearGrylls[\/COLOR]","image":"https:\/\/wagasworld.com\/sites\/default\/files\/styles\/large\/public\/2021-01\/BearGrylls_0.jpg?itok=Q2PYeeTF","link":"https:\/\/wagasworld.com\/kodi.php?channel=Abenteuer.Survival","info":""},"4":{"name":"[COLOR red]\u2022  [\/COLOR][COLOR white]Die geheimen Akten der NASA[\/COLOR]","image":"https:\/\/wagasworld.com\/sites\/default\/files\/styles\/large\/public\/2021-01\/NASA.jpg?itok=4zvZEbSC","link":"https:\/\/wagasworld.com\/kodi.php?channel=geheimeaktennasa","info":"Playlist:&nbsp;\r\n\r\nDiverse Episoden in gemischter Reihenfolge.\r\nWerden nach und nach erg\u00e4nzt.\r\n\r\nBeschreibung:&nbsp;\r\n\r\nIn den Weiten des Alls verbergen sich geheimnisvolle Welten. Bei der Erforschung dieses unbekannten Terrains \u00fcberschreiten die NASA-Wissenschaftler die Grenzen unseres Sonnensystems. Ist es m\u00f6glich, dass die Missionen der NASA nicht nur neue wissenschaftliche Erkenntnisse liefern, sondern auch ernsthafte Bedrohungen mit sich bringen? Physiker, Astronomen und Historiker berichten in der Dokumentarserie von beunruhigenden Forschungsergebnissen, mysteri\u00f6sen Vorkommnissen und den gef\u00e4hrlichsten Missionen der Raumfahrtgeschichte.\r\n"},"5":{"name":"[COLOR red]\u2022  [\/COLOR][COLOR white]Expedition Unknown[\/COLOR]","image":"https:\/\/wagasworld.com\/sites\/default\/files\/styles\/large\/public\/2021-01\/expedition-unknown.jpg?itok=5gKVei_y","link":"https:\/\/wagasworld.com\/kodi.php?channel=expeditionunknown","info":"25 Episoden in gemischter Reihenfolge.\r\n\r\nWeitere Episoden folgen\r\n"},"6":{"name":"[COLOR red]\u2022  [\/COLOR][COLOR white]FlussMonster[\/COLOR]","image":"https:\/\/wagasworld.com\/sites\/default\/files\/styles\/large\/public\/2021-01\/flussmonster.jpg?itok=PQuTr589","link":"https:\/\/wagasworld.com\/kodi.php?channel=Flussmonster","info":""},"7":{"name":"[COLOR red]\u2022  [\/COLOR][COLOR white]Geheimnisse des Universum[\/COLOR]","image":"https:\/\/wagasworld.com\/sites\/default\/files\/styles\/large\/public\/2021-01\/universium_0.jpg?itok=4MLO06iM","link":"https:\/\/wagasworld.com\/kodi.php?channel=guldukat-universum","info":""},"8":{"name":"[COLOR red]\u2022  [\/COLOR][COLOR white]Geister und \u00dcbersinnliches[\/COLOR]","image":"https:\/\/wagasworld.com\/sites\/default\/files\/styles\/large\/public\/2021-01\/Geister.jpg?itok=aIF5My6P","link":"https:\/\/wagasworld.com\/kodi.php?channel=geisterunduebersinnliches","info":""},"9":{"name":"[COLOR red]\u2022  [\/COLOR][COLOR white]Mysterien des Weltalls[\/COLOR]","image":"https:\/\/wagasworld.com\/sites\/default\/files\/styles\/large\/public\/2021-01\/mysterien-des-weltalls-mit-4006448759698-7.jpg?itok=gVwqsX19","link":"https:\/\/wagasworld.com\/kodi.php?channel=guldukat-mysteriendesweltalls","info":""},"10":{"name":"[COLOR red]\u2022  [\/COLOR][COLOR white]NASA Dokus[\/COLOR]","image":"https:\/\/wagasworld.com\/sites\/default\/files\/styles\/large\/public\/2021-01\/nasa.png?itok=mgGVP_zt","link":"https:\/\/wagasworld.com\/kodi.php?channel=nasa","info":"60 Jahre NASA - Thriumph und Trag\u00f6die Teil 1-5\r\n\r\nApollo 11 - Die erste Mondlandung 20.Juli 1969\r\n\r\nApollo 13 - Rettung im All Teil 1 und 2\r\n\r\nCuriosity Mission-zum-Mars\r\n\r\nExpediton Mars Teil 1 und&nbsp; 2 Marsrover Spirit und Opportunity\r\n\r\nHubble-Blick-in-die-Unendlichkeit\r\n\r\nHubble-in-Not-Wie-rettet-man-ein-Weltraum-Teleskop\r\n\r\nJenseits-von-Pluto-Doku-HD\r\n\r\nMond-Maschinen 1v6 Das Kommandomodul\r\n\r\nMond-Maschinen 2v6 Die Weltraumanz\u00fcge\r\n\r\nMond-Maschinen 3v6 Das Navigationssystem\r\n\r\nMond-Maschinen 4v6 Die Landekapsel\r\n\r\nMond-Maschinen 5v6 Die Saturn 5 Rakete\r\n\r\nMond-Maschinen 6v6 Der Lunar Rover (leider nur in Englisch)\r\n\r\nRaumsonden-Eroberer-des-Sonnensystems-Teil-1\r\n\r\nRaumsonden-Eroberer-des-Sonnensystems-Teil-2\r\n\r\nUniversum-Doku-2019-Die-Reise-der-Nasa\r\n\r\nVoyagers-Reise-in-das-\u00e4u\u00dfere-Planetensystem-HD-Doku-2017\r\n\r\nes folgt noch mehr\r\n\r\n&nbsp;\r\n"},"11":{"name":"[COLOR red]\u2022  [\/COLOR][COLOR white]UFO-Hunters[\/COLOR]","image":"https:\/\/wagasworld.com\/sites\/default\/files\/styles\/large\/public\/2021-01\/ufo-hunters.jpg?itok=AK1PqPtQ","link":"https:\/\/wagasworld.com\/kodi.php?channel=guldukat-ufohunters","info":""},"12":{"name":"[COLOR red]\u2022  [\/COLOR][COLOR white]UFO-Universum-Mix[\/COLOR]","image":"https:\/\/wagasworld.com\/sites\/default\/files\/styles\/large\/public\/2021-01\/ufo-sightings.jpg?itok=rBVr4fh9","link":"https:\/\/wagasworld.com\/kodi.php?channel=guldukat-ufouniversummix","info":""},"13":{"name":"[COLOR red]\u2022  [\/COLOR][COLOR white]Altes Handwerk Alte Berufe[\/COLOR]","image":"https:\/\/wagasworld.com\/sites\/default\/files\/styles\/large\/public\/2021-01\/alte-berufe.jpg?itok=BLsvSRt-","link":"https:\/\/wagasworld.com\/kodi.php?channel=altes-handwerk","info":"Hier wird Einbilck in alte Handwerkskunst geboten\r\n"},"category_name":"Doku","image":"http:\/\/absolut-kodi.com\/WagaKodi\/pic\/dokus.jpg","info":"Dokus rund um die Uhr, nicht alle sind 24\/7 online."},{"0":{"name":"[COLOR red]\u2022  [\/COLOR][COLOR white]Die drei Fragezeichen H\u00f6rspiel[\/COLOR]","image":"https:\/\/wagasworld.com\/sites\/default\/files\/styles\/large\/public\/2021-01\/fragezeichen.jpg?itok=ZwKyjWFw","link":"https:\/\/wagasworld.com\/kodi.php?channel=audio-fragezeichen","info":""},"1":{"name":"[COLOR red]\u2022  [\/COLOR][COLOR white]Jan Tenner H\u00f6rspiel[\/COLOR]","image":"https:\/\/wagasworld.com\/sites\/default\/files\/styles\/large\/public\/2021-01\/Jan%20Tenner%20H%C3%B6rspiel.jpg?itok=mav_3rm1","link":"https:\/\/wagasworld.com\/kodi.php?channel=audio-jantenner","info":""},"2":{"name":"[COLOR red]\u2022  [\/COLOR][COLOR white]TKKG H\u00f6rspiel[\/COLOR]","image":"https:\/\/wagasworld.com\/sites\/default\/files\/styles\/large\/public\/2021-01\/TKKG%20H%C3%B6rspiel.jpg?itok=0OhXTapK","link":"https:\/\/wagasworld.com\/kodi.php?channel=audio-tkkg","info":"Tarzan, Karl, Kl\u00f6\u00dfchen und Gaby ermitteln in verschiedenen F\u00e4llen und decken Verbrechen auf\r\n"},"category_name":"Audio","image":"http:\/\/absolut-kodi.com\/WagaKodi\/pic\/audio.jpg","info":"H\u00f6rspiele rund um die Uhr, nicht alle sind 24\/7 online."}]