<?xml version="1.0" encoding="UTF-8" standalone="yes"?>
<addon id="repository.kodiman_public" name="[COLOR lime]KODIMANS PUBLIC REPOSITORY[/COLOR]" version="2.0.5" provider-name="[COLOR lime]KODIMAN | HSK-DE[/COLOR]">
    <extension point="xbmc.addon.repository" name="KODIMANS PUBLIC REPOSITORY">
    <dir>
		<info compressed="false">http://wizard.kodiman.net/repository/new_repo/addons.xml</info>
		<checksum>http://wizard.kodiman.net/repository/new_repo/addons.xml.md5</checksum>
		<datadir zip="true">http://wizard.kodiman.net/repository/new_repo/</datadir>
	</dir>
    <dir>
	    <info compressed="false">https://downloads.guidos-skinbase.de/hsk_repo/addons.xml</info>
		<checksum>https://downloads.guidos-skinbase.de/hsk_repo/addons.xml.md5</checksum>
		<datadir zip="true">https://downloads.guidos-skinbase.de/hsk_repo/</datadir>
	</dir>
    </extension>
    <extension point="xbmc.addon.metadata">
        <summary>[COLOR lime]KODIMANS PUBLIC REPOSITORY[/COLOR]</summary>
        <description>Forum :
https://www.kodiman.company/</description>
        <platform>all</platform>
    </extension>
</addon>